Description,Revenue,CumulativeRevenue,CumulativeShare
regency cakestand 3 tier,174484.74,174484.74,0.01693359348815498
"paper craft , little birdie",168469.6,342954.33999999997,0.033283422828600875
white hanging heart t-light holder,106292.77,449247.11,0.043599044457804416
party bunting,99504.33,548751.44,0.053255853841428585
jumbo bag red retrospot,94340.05,643091.49,0.06241147430630257
medium ceramic top storage jar,81700.92000000001,724792.41,0.07034047810851628
rabbit night light,66964.99,791757.4,0.07683937261698942
paper chain kit 50's christmas,64952.29,856709.6900000001,0.08314293632682877
assorted colour bird ornament,59094.93,915804.6200000001,0.08887804830184146
chilli lights,54117.76,969922.3800000001,0.09413013022218322
spotty bunting,42548.130000000005,1012470.5100000001,0.09825938953220181
jumbo bag pink polkadot,42436.24,1054906.7500000002,0.10237779001424846
black record cover frame,40652.13,1095558.8800000001,0.10632304415995557
picnic basket wicker 60 pieces,39619.5,1135178.3800000001,0.11016808245501768
doormat keep calm and come in,38166.64,1173345.02,0.11387212194046926
set of 3 cake tins pantry design,38158.39,1211503.41,0.11757536077053816
jam making set with jars,37128.88,1248632.2899999998,0.12117868654327042
wood black board ant white finish,36030.22,1284662.5099999998,0.12467538831082207
lunch bag red retrospot,35752.01,1320414.5199999998,0.12814509003788688
popcorn holder,34298.87,1354713.39,0.1314737657815827
victorian glass hanging t-light,33187.97,1387901.3599999999,0.13469462963865744
hot water bottle tea and sympathy,33002.590000000004,1420903.95,0.13789750252666044
paper chain kit vintage christmas,32873.340000000004,1453777.29,0.14108783181366805
chocolate hot water bottle,32866.18,1486643.47,0.1442774662288526
jumbo bag strawberry,32802.53,1519446.0,0.14746092346644832
heart of wicker small,32107.8,1551553.8,0.15057695775689103
set of 3 regency cake tins,31177.95,1582731.75,0.15360275090701994
jumbo storage bag suki,30770.12,1613501.87,0.1565889645074858
alarm clock bakelike red,30701.12,1644202.9900000002,0.15956848171747828
jumbo bag apples,30475.65,1674678.6400000001,0.16252611725848484
heart of wicker large,30139.41,1704818.05,0.1654511209975673
charlotte bag suki design,29277.95,1734096.0,0.16829252078683557
roses regency teacup and saucer,29095.27,1763191.27,0.17111619163970276
hot water bottle keep calm,28842.550000000003,1792033.82,0.17391533623459277
jumbo shopper vintage red paisley,28634.95,1820668.77,0.17669433342858026
natural slate heart chalkboard,28147.960000000003,1848816.73,0.17942606866319646
jumbo  bag baroque black white,28092.2,1876908.93,0.1821523924379171
doormat red retrospot,28082.54,1904991.47,0.18487777871797145
jumbo bag alphabet,27890.170000000002,1932881.64,0.18758449565548435
alarm clock bakelike green,27196.53,1960078.17,0.1902238954294039
rotating silver angels t-light hldr,26463.829999999998,1986542.0,0.19279218730042735
red  harmonica in box,26331.58,2012873.58,0.19534764442304356
recipe box pantry yellow design,26240.600000000002,2039114.1800000002,0.19789427201514864
gin + tonic diet metal sign,25836.57,2064950.7500000002,0.2004016888443124
spaceboy lunch box,25740.469999999998,2090691.2200000002,0.20289977925138206
jam making set printed,25660.98,2116352.2,0.20539015522252818
doormat union flag,25609.6,2141961.8000000003,0.20787554480900006
please one person metal sign,25290.58,2167252.3800000004,0.21032997377969206
regency teapot roses,24918.93,2192171.3100000005,0.21274833443850838
vintage union jack bunting,24542.83,2216714.1400000006,0.215130194916788
jumbo bag vintage doily,24522.36,2241236.5000000005,0.21751006879922719
scottie dog hot water bottle,24509.84,2265746.3400000003,0.2198887276264674
set of 6 spice tins pantry design,24483.66,2290230.0000000005,0.2222648457072933
round snack boxes set of4 woodland,24438.620000000003,2314668.6200000006,0.2246365926949754
doormat new england,24292.84,2338961.4600000004,0.22699419185942263
baking set 9 piece retrospot,24239.72,2363201.1800000006,0.22934663577369674
red toadstool led night light,23932.98,2387134.1600000006,0.23166931083559697
doormat fairy cake,23888.81,2411022.9700000007,0.23398769923710286
jumbo bag 50's christmas,23815.75,2434838.7200000007,0.23629899722863798
edwardian parasol natural,23761.77,2458600.4900000007,0.23860505650774191
set of tea coffee sugar tins pantry,23514.170000000002,2482114.6600000006,0.24088708642045156
cream heart card holder,23463.47,2505578.130000001,0.2431641959419004
red hanging heart t-light holder,23228.74,2528806.870000001,0.24541852511935197
jumbo bag pink vintage paisley,23181.14,2551988.010000001,0.24766823475786826
wooden picture frame white finish,23113.260000000002,2575101.270000001,0.24991135670094494
jumbo bag owls,23030.96,2598132.230000001,0.2521464915000223
vintage union jack memoboard,23010.09,2621142.3200000008,0.25437960088360423
retrospot tea set ceramic 11 pc,22912.81,2644055.130000001,0.25660326932711014
green regency teacup and saucer,22826.3,2666881.4300000006,0.25881854204974863
paper bunting retrospot,22790.960000000003,2689672.3900000006,0.2610303850558751
cream sweetheart mini chest,22708.95,2712381.340000001,0.26323426906225206
lunch bag  black skull.,22421.21,2734802.5500000007,0.2654102281498637
red woolly hottie white heart.,22144.98,2756947.5300000007,0.2675593793542803
doormat hearts,22138.57,2779086.1000000006,0.2697079084737269
jumbo bag woodland animals,22092.42,2801178.5200000005,0.2718519587754873
jumbo bag vintage leaf,21852.81,2823031.3300000005,0.2739727551334604
wooden frame antique white,21852.390000000003,2844883.7200000007,0.27609351073079585
red retrospot charlotte bag,21776.79,2866660.5100000007,0.27820692941335184
lunch bag cars blue,21750.63,2888411.1400000006,0.2803178092904761
dolly girl lunch box,21635.14,2910046.2800000007,0.2824174809627343
doormat fancy font home sweet home,21601.69,2931647.9700000007,0.2845139063413498
red retrospot cake stand,21365.25,2953013.2200000007,0.2865873854219434
pack of 72 retrospot cake cases,21259.100000000002,2974272.3200000008,0.28865056273661305
cook with wine metal sign,20957.64,2995229.960000001,0.29068448361835375
lunch bag apple design,20911.98,3016141.940000001,0.29271397323648557
lunch box i love london,20818.7,3036960.640000001,0.29473441011109053
alarm clock bakelike pink,20702.15,3057662.790000001,0.2967435359087437
white skull hot water bottle,20594.45,3078257.240000001,0.2987422095143102
antique silver t-light glass,19411.62,3097668.8600000013,0.30062609048881
picnic basket wicker large,19322.16,3116991.0200000014,0.30250128944748733
round snack boxes set of 4 fruits,19130.37,3136121.3900000015,0.3043578753521229
gumball coat rack,18890.47,3155011.8600000017,0.30619117916872135
homemade jam scented candles,18788.55,3173800.4100000015,0.30801459173724666
lunch bag suki design,18750.579999999998,3192550.9900000016,0.3098343193500289
assorted colours silk fan,18569.84,3211120.8300000015,0.3116365063017364
lunch bag woodland,18323.38,3229444.2100000014,0.3134147745230662
lunch bag spaceboy design,18092.36,3247536.570000001,0.31517062245269806
fairy cake flannel assorted colour,18069.280000000002,3265605.850000001,0.31692423048824114
hot water bottle i am so poorly,18055.11,3283660.960000001,0.31867646333750876
grow a flytrap or sunflower in tin,17927.45,3301588.410000001,0.3204163068939093
hand warmer owl design,17910.030000000002,3319498.440000001,0.32215445985433816
retrospot heart hot water bottle,17708.53,3337206.9700000007,0.32387305741360206
set/5 red retrospot lid glass bowls,17655.8,3354862.7700000005,0.32558653757185635
pink regency teacup and saucer,17551.760000000002,3372414.5300000003,0.3272899207378665
lunch bag pink polkadot,17435.19,3389849.72,0.32898199088594215
jumbo bag doiley patterns,17272.85,3407122.5700000003,0.33065830607706936
jumbo bag scandinavian blue paisley,17245.93,3424368.5000000005,0.33233200870542057
6 ribbons rustic charm,17205.37,3441573.8700000006,0.3340017750207631
jumbo bag spaceboy design,17081.86,3458655.7300000004,0.3356595547971583
colour glass. star t-light holder,17073.65,3475729.3800000004,0.3373165378001363
small popcorn holder,17055.149999999998,3492784.5300000003,0.33897172539407433
home building block word,17049.920000000002,3509834.45,0.34062640542102435
hot baths metal sign,17047.06,3526881.5100000002,0.34228080788744164
mini paint set vintage,16937.82,3543819.33,0.34392460870610086
edwardian parasol black,16915.72,3560735.0500000003,0.3455662647388259
childrens cutlery polkadot pink,16874.27,3577609.3200000003,0.34720389808481
woodland charlotte bag,16759.75,3594369.0700000003,0.3488304173635911
ivory kitchen scales,16528.31,3610897.3800000004,0.3504344755900366
set of 4 pantry jelly moulds,16507.23,3627404.6100000003,0.35203648802066795
hanging heart jar t-light holder,16477.53,3643882.14,0.3536356180919216
set/4 white retro storage cubes,16363.300000000001,3660245.44,0.35522366224022206
gardeners kneeling pad keep calm,16357.05,3676602.4899999998,0.3568110998314144
knitted union flag hot water bottle,16164.04,3692766.53,0.3583798059686174
hand over the chocolate   sign,15983.330000000002,3708749.86,0.3599309743562199
vintage christmas bunting,15833.310000000001,3724583.17,0.36146758343224533
recycling bag retrospot,15636.99,3740220.16,0.362985139821637
wood 2 drawer cabinet white finish,15240.07,3755460.23,0.3644641754674535
paper chain kit empire,15122.970000000001,3770583.2,0.3659318466592928
set 2 tea towels i love london,14975.93,3785559.1300000004,0.3673852477459842
set 7 babushka nesting boxes,14453.470000000001,3800012.6000000006,0.3687879445404044
hand warmer scotty dog design,14410.62,3814423.2200000007,0.37018648277929156
bread bin diner style ivory,14329.539999999999,3828752.7600000007,0.3715771522741268
doormat english rose,14324.0,3843076.7600000007,0.3729672841167414
jumbo bag pears,14197.28,3857274.0400000005,0.37434511789267794
memo board retrospot  design,14193.35,3871467.3900000006,0.375722570265505
paper chain kit retrospot,14159.54,3885626.9300000006,0.37709674140700006
red kitchen scales,14141.7,3899768.630000001,0.3784691811918858
strawberry ceramic trinket box,14130.08,3913898.710000001,0.37984049326579616
hand warmer bird design,14078.69,3927977.400000001,0.3812068179845409
jumbo storage bag skulls,14031.16,3942008.560000001,0.38256852995779006
jumbo bag vintage christmas,13978.95,3955987.510000001,0.38392517499558104
box of vintage alphabet blocks,13931.31,3969918.820000001,0.38527719661247123
world war 2 gliders asstd designs,13841.849999999999,3983760.6700000013,0.38662053621353903
pink blue felt craft trinket box,13838.1,3997598.7700000014,0.387963511880342
christmas lights 10 reindeer,13812.92,4011411.6900000013,0.38930404384986783
amazon fee,13761.09,4025172.780000001,0.3906395457626077
3 hook photo shelf antique white,13746.11,4038918.890000001,0.39197359387927083
doughnut lip gloss,13720.77,4052639.660000001,0.3933051827707949
plasters in tin spaceboy,13615.31,4066254.970000001,0.3946265368602999
doormat spotty home sweet home,13612.41,4079867.3800000013,0.39594760950730673
love hot water bottle,13494.970000000001,4093362.3500000015,0.39725728470362964
lunch bag alphabet design,13360.2,4106722.5500000017,0.3985538805877193
clothes pegs retrospot pack 24,13346.039999999999,4120068.5900000017,0.3998491022560248
plasters in tin woodland animals,13344.769999999999,4133413.3600000017,0.40114420067192597
set of 10 led dolly lights,13303.019999999999,4146716.3800000018,0.40243524728634505
set 6 school milk bottles in crate,13284.49,4160000.870000002,0.4037244955802501
tea time party bunting,12941.27,4172942.140000002,0.4049804346692527
grey heart hot water bottle,12805.33,4185747.470000002,0.40622318089853143
wooden union jack bunting,12792.25,4198539.7200000025,0.4074646577250943
enamel flower jug cream,12671.060000000001,4211210.780000002,0.4086943731667084
red retrospot mini cases,12642.93,4223853.710000002,0.40992135861609036
assorted colour mini cases,12614.17,4236467.880000002,0.4111455529322837
childrens cutlery retrospot red,12604.23,4249072.110000002,0.41236878258005244
love building block word,12572.710000000001,4261644.820000002,0.41358895323901357
wooden rounders garden set,12571.369999999999,4274216.190000002,0.4148089938521307
strawberry charlotte bag,12552.4,4286768.590000003,0.41602719344311345
vintage snap cards,12515.96,4299284.550000003,0.4172418565635331
black heart card holder,12487.17,4311771.7200000025,0.41845372563928995
feltcraft cushion owl,12440.14,4324211.860000002,0.41966103049411985
enamel bread bin cream,12383.83,4336595.690000002,0.4208628705120287
feltcraft 6 flower friends,12373.880000000001,4348969.570000002,0.42206374489102144
childrens cutlery polkadot blue,12371.12,4361340.690000002,0.4232643514143952
regency sugar bowl green,12350.73,4373691.420000003,0.4244629791058597
pack of 60 pink paisley cake cases,12245.02,4385936.440000002,0.42565134773302055
pink happy birthday bunting,12201.400000000001,4398137.840000003,0.4268354830768126
doormat welcome puppies,12114.97,4410252.810000002,0.4280112304636683
feltcraft doll molly,12016.34,4422269.150000002,0.4291774058941126
ivory diner wall clock,11971.15,4434240.300000003,0.4303391956740425
3 hearts hanging decoration rustic,11944.880000000001,4446185.1800000025,0.43149843597313564
wood s/3 cabinet ant white finish,11937.68,4458122.860000002,0.4326569775184403
set/3 red gingham rose storage box,11928.45,4470051.310000002,0.4338146233002077
paper bunting white lace,11893.230000000001,4481944.540000003,0.4349688510113596
red diner wall clock,11882.57,4493827.110000003,0.4361220441787079
gardeners kneeling pad cup of tea,11815.689999999999,4505642.800000004,0.43726874669975396
picnic basket wicker small,11807.12,4517449.920000004,0.4384146175096934
red retrospot picnic bag,11671.09,4529121.0100000035,0.43954728672548654
jumbo bag paisley park,11613.03,4540734.040000004,0.44067432126836836
doormat welcome to our home,11555.56,4552289.600000003,0.44179577839732975
red retrospot round cake tins,11532.39,4563821.990000003,0.44291498689778
alarm clock bakelike ivory,11479.65,4575301.640000003,0.44402907702672945
fawn blue hot water bottle,11466.37,4586768.0100000035,0.44514187834313557
charlotte bag pink polkadot,11420.289999999999,4598188.300000004,0.4462502076352951
"set 3 retrospot tea,coffee,sugar",11407.56,4609595.860000003,0.4473573014919368
"record frame 7"" single size",11354.56,4620950.420000003,0.4484592517443019
classic metal birdcage plant holder,11338.27,4632288.690000002,0.4495596210662205
set/20 red retrospot paper napkins,11319.36,4643608.050000003,0.45065815518895286
red retrospot umbrella,11295.01,4654903.060000002,0.45175432616519207
wooden croquet garden set,11276.21,4666179.270000002,0.4528486726176501
feltcraft cushion rabbit,11227.47,4677406.740000002,0.4539382888951564
regency tea plate roses,11117.05,4688523.790000002,0.45501718900692256
metal sign take it or leave it,11104.79,4699628.580000002,0.4560948992962655
lunch bag dolly girl design,11090.58,4710719.160000002,0.4571712305173675
adjust bad debt,11062.06,4721781.220000002,0.4582447938970738
jumbo bag toys,11014.62,4732795.840000002,0.45931375326570684
soldiers egg cup,10938.31,4743734.150000001,0.46037530681467287
15cm christmas glass ball 20 lights,10910.61,4754644.760000002,0.4614341721025359
lunch bag vintage doily,10820.1,4765464.860000001,0.4624842534729823
baking set spaceboy design,10745.050000000001,4776209.910000001,0.4635270513056747
bread bin diner style red,10676.619999999999,4786886.530000001,0.46456320806590196
set of 6 ribbons vintage christmas,10621.6,4797508.130000001,0.4655940251825953
vintage heads and tails card game,10535.65,4808043.780000001,0.46661650092593815
traditional wooden skipping rope,10526.0,4818569.780000001,0.46763804014510607
colour glass t-light holder hanging,10518.25,4829088.030000001,0.46865882723346
lunch bag doiley pattern,10510.44,4839598.470000002,0.4696788563680516
blue happy birthday bunting,10502.650000000001,4850101.120000002,0.4706981294898638
lunch bag vintage leaf design,10498.01,4860599.130000002,0.47171695230367877
revolver wooden ruler,10379.84,4870978.970000002,0.47272430682093963
family album white picture frame,10354.26,4881333.230000001,0.4737291788212685
blue harmonica in box,10343.56,4891676.790000001,0.47473301239582827
antique silver tea glass engraved,10297.27,4901974.0600000005,0.47573235356582266
doormat black flock,10278.06,4912252.12,0.4767298304218896
vintage doily jumbo bag red,10233.45,4922485.57,0.47772297791594187
london bus coffee mug,10224.75,4932710.32,0.47871528108249967
no singing metal sign,10195.86,4942906.180000001,0.47970478049948106
feltcraft cushion butterfly,10133.33,4953039.510000001,0.48068821143390733
red spotty biscuit tin,10116.49,4963156.000000001,0.4816700080608616
plasters in tin circus parade,10070.109999999999,4973226.110000001,0.48264730354882807
hand warmer union jack,10057.320000000002,4983283.430000002,0.4836233577783286
traditional knitting nancy,10056.949999999999,4993340.380000002,0.48459937609964826
regency tea plate green,10051.99,5003392.370000002,0.485574913057247
edwardian parasol red,10021.42,5013413.790000002,0.48654748322271857
ice cream sundae lip gloss,9965.76,5023379.550000002,0.4875146516332083
t-light glass fluted antique,9963.880000000001,5033343.430000002,0.4884816375913199
doormat home sweet home blue,9959.6,5043303.030000001,0.4894482081791239
set of 6 soldier skittles,9921.29,5053224.320000001,0.4904110608144781
deluxe sewing kit,9898.95,5063123.270000001,0.49137174537210515
plasters in tin strongman,9863.279999999999,5072986.550000002,0.49232896818700495
photo frame cornice,9843.59,5082830.1400000015,0.49328428010439135
small glass heart trinket pot,9811.58,5092641.720000002,0.49423648547889293
3 tier cake tin red and cream,9765.11,5102406.830000002,0.49518418097998446
set of 4 knick knack tins doily,9759.68,5112166.510000002,0.49613134950426035
wooden school colouring set,9749.82,5121916.330000002,0.49707756112404267
strawberry lunch box with cutlery,9748.13,5131664.460000002,0.49802360873078283
sweetheart cakestand 3 tier,9697.25,5141361.710000002,0.49896471847741747
vintage cream dog food container,9686.82,5151048.530000002,0.4999048160015502
christmas craft little friends,9681.18,5160729.710000002,0.5008443661685484
traditional modelling clay,9602.32,5170332.030000002,0.5017762630405797
regency milk jug pink,9600.15,5179932.1800000025,0.5027079493159831
pantry rolling pin,9568.73,5189500.910000003,0.5036365863074925
natural slate chalkboard large,9554.470000000001,5199055.380000003,0.5045638393783042
zinc folkart sleigh bells,9546.53,5208601.910000003,0.5054903218789657
60 cake cases vintage christmas,9511.52,5218113.4300000025,0.5064134066893304
pottering in the shed metal sign,9413.82,5227527.250000003,0.5073270097989816
set of 20 kids cookie cutters,9404.150000000001,5236931.400000003,0.5082396744434751
ladies & gentlemen metal sign,9388.53,5246319.930000003,0.509150823180444
red retrospot peg bag,9301.4,5255621.330000004,0.5100535160260805
box of 6 mini 50's crackers,9266.84,5264888.170000004,0.5109528548535319
feltcraft princess charlotte doll,9264.91,5274153.080000004,0.5118520063761484
gingerbread man cookie cutter,9212.15,5283365.230000004,0.5127460375862812
60 teatime fairy cake cases,9183.720000000001,5292548.950000004,0.5136373096894408
box of 6 mini vintage crackers,9167.390000000001,5301716.340000004,0.5145269969801881
pink cream felt craft trinket box,9159.31,5310875.650000003,0.5154159001139063
red metal box top secret,9158.87,5320034.520000003,0.5163047605460039
doormat multicolour stripe,9088.63,5329123.150000003,0.517186804246698
alarm clock bakelike orange,9080.2,5338203.350000003,0.5180680298231648
clear drawer knob acrylic edwardian,9050.44,5347253.790000004,0.5189463672173057
set of 3 notebooks in parcel,9043.939999999999,5356297.730000004,0.5198240737920541
set 2 pantry design tea towels,9012.27,5365310.000000004,0.5206987068206244
hand warmer red love heart,8941.61,5374251.610000004,0.5215664823571533
large white heart of wicker,8925.410000000002,5383177.020000004,0.5224326856976582
area patrolled metal sign,8862.990000000002,5392040.010000004,0.523292831231013
wooden box of dominoes,8862.29,5400902.3000000045,0.5241529088299718
hand warmer red retrospot,8770.43,5409672.730000004,0.5250040714951786
multi colour silver t-light holder,8754.63,5418427.360000004,0.5258537007840162
wooden advent calendar red,8714.24,5427141.600000004,0.5266994102581983
feltcraft butterfly hearts,8626.939999999999,5435768.540000005,0.5275366473426948
travel sewing kit,8620.32,5444388.860000005,0.5283732419619023
sweetheart recipe book stand,8578.0,5452966.860000005,0.5292057294616194
set 6 paper table lantern hearts,8577.51,5461544.370000005,0.5300381694072592
hanging jam jar t-light holder,8560.84,5470105.210000005,0.5308689915437803
ice cream pen lip gloss,8553.34,5478658.5500000045,0.5316990858117717
set/2 red retrospot tea towels,8549.85,5487208.400000004,0.5325288413782739
set of 3 heart cookie cutters,8540.9,5495749.3000000045,0.5333577283549975
chick grey hot water bottle,8535.52,5504284.820000004,0.5341860932073623
childrens cutlery spaceboy,8525.970000000001,5512810.790000004,0.5350135312404659
vintage doily travel sewing kit,8509.68,5521320.470000003,0.5358393883431231
small white heart of wicker,8473.269999999999,5529793.740000003,0.5366617118866912
pack of 72 skull cake cases,8418.44,5538212.180000003,0.5374787142260615
set of 72 retrospot paper  doilies,8374.189999999999,5546586.370000004,0.5382914221411066
family photo frame cornice,8268.539999999999,5554854.910000004,0.5390938768147965
grand chocolatecandle,8225.0,5563079.910000004,0.5398921059690485
blue diner wall clock,8189.29,5571269.200000004,0.5406868694986076
hanging heart zinc t-light holder,8168.9,5579438.100000004,0.5414796541962573
alarm clock bakelike chocolate,8168.6,5587606.700000004,0.5422724097791658
set of 3 butterfly cookie cutters,8161.46,5595768.160000004,0.543064472431234
vintage red kitchen cabinet,8125.0,5603893.160000004,0.5438529966717566
recipe box retrospot,8101.150000000001,5611994.310000004,0.5446392062903546
white metal lantern,8056.5199999999995,5620050.830000004,0.545421084605955
set of 20 vintage christmas napkins,8050.53,5628101.360000004,0.5462023815972231
set/10 red polkadot party candles,8033.85,5636135.210000004,0.546982059808881
pack of 12 london tissues,7980.92,5644116.130000004,0.547756601209702
feltcraft christmas fairy,7954.0,5652070.130000004,0.548528530047747
open closed metal sign,7938.780000000001,5660008.910000004,0.5492989817979225
white wood garden plant ladder,7919.23,5667928.140000004,0.5500675362374637
lunch box with cutlery retrospot,7873.719999999999,5675801.860000004,0.5508316739707667
rose cottage keepsake box,7861.93,5683663.790000004,0.551594667494741
painted metal pears assorted,7830.32,5691494.110000004,0.5523545932954853
set of 4 knick knack tins london,7825.56,5699319.670000004,0.5531140571423361
plasters in tin vintage paisley,7777.089999999999,5707096.7600000035,0.5538688170175022
metal 4 hook hanger french chateau,7773.7,5714870.460000004,0.554623247896093
spaceboy baby gift set,7758.699999999999,5722629.160000004,0.5553762230376242
chocolate this way metal sign,7756.420000000001,5730385.580000004,0.5561289769071225
charlotte bag apples design,7741.94,5738127.520000004,0.5568803255051127
doormat 3 smiley cats,7732.929999999999,5745860.450000004,0.5576307996903759
childrens cutlery polkadot green,7701.71,5753562.160000004,0.5583782440015727
victorian sewing box large,7674.799999999999,5761236.960000004,0.5591230767204849
cream cupid hearts coat hanger,7657.320000000001,5768894.280000004,0.5598662130204772
silver hanging t-light holder,7642.44,5776536.720000004,0.5606079052293066
sweetheart ceramic trinket box,7628.530000000001,5784165.250000005,0.5613482474846362
giraffe wooden ruler,7608.79,5791774.040000005,0.5620866739899956
doormat union jack guns and roses,7597.02,5799371.060000004,0.5628239582270089
feltcraft princess lola doll,7563.08,5806934.140000004,0.5635579486163026
pack of 6 birdy gift tags,7561.64,5814495.780000004,0.5642917992548384
mint kitchen scales,7547.39,5822043.170000004,0.5650242669431679
red stripe ceramic drawer knob,7527.66,5829570.830000004,0.5657548198520185
childrens apron spaceboy design,7520.28,5837091.110000004,0.5664846565382359
toy tidy pink polkadot,7437.9400000000005,5844529.0500000045,0.5672065021984884
zinc metal heart decoration,7426.82,5851955.870000005,0.5679272686723343
funky diva pen,7363.86,5859319.730000005,0.568641924932496
box of 6 christmas cake decorations,7356.18,5866675.910000005,0.5693558358552833
english rose hot water bottle,7330.7,5874006.610000005,0.5700672739660523
you're confusing me metal sign,7320.36,5881326.970000005,0.5707777085887417
set 6 paper table lantern stars,7254.650000000001,5888581.620000006,0.5714817661126194
set of 4 knick knack tins doiley,7252.9400000000005,5895834.560000006,0.5721856576824723
red floral feltcraft shoulder bag,7236.93,5903071.490000006,0.5728879954956372
circus parade lunch box,7207.37,5910278.860000006,0.5735874645363035
childs breakfast set spaceboy,7191.15,5917470.010000006,0.5742853594399631
set of 2 wooden market crates,7190.349999999999,5924660.360000006,0.5749831767043126
plasters in tin skulls,7176.669999999999,5931837.030000006,0.5756796663364641
triple photo frame cornice,7173.549999999999,5939010.580000006,0.576375853175307
rain poncho retrospot,7163.65,5946174.230000006,0.577071079227691
hand warmer babushka design,7136.2300000000005,5953310.4600000065,0.5777636441927302
blue stripe ceramic drawer knob,7136.0,5960446.4600000065,0.5784561868364678
piggy bank retrospot,7121.38,5967567.840000006,0.5791473106218182
victorian sewing box small,7106.950000000001,5974674.790000007,0.5798370339881175
memo board cottage design,7104.22,5981779.010000006,0.5805264924102718
giant 50's christmas cracker,7072.16,5988851.170000006,0.5812128394370846
vintage snakes & ladders,7062.7,5995913.870000007,0.5818982683790584
36 doilies vintage christmas,7061.73,6002975.600000007,0.5825836031833692
jumbo bag dolly girl design,7053.28,6010028.880000007,0.5832681179224699
carriage,7051.0,6017079.880000007,0.5839524113895375
retrospot party bag + sticker set,7047.24,6024127.120000008,0.5846363399518487
wooden advent calendar cream,7047.17,6031174.2900000075,0.5853202617207205
jingle bell heart antique silver,7044.64,6038218.930000007,0.5860039379552748
3 tier cake tin green and cream,7011.57,6045230.500000007,0.5866844047748588
set of 12 fairy cake baking cases,7001.99,6052232.490000008,0.5873639418637076
picture frame wood triple portrait,6977.6,6059210.090000007,0.5880411119240977
union stripe with fringe  hammock,6952.31,6066162.400000007,0.5887158276118055
home sweet home mug,6942.33,6073104.730000007,0.5893895747491232
beware of the cat metal sign,6939.08,6080043.810000007,0.5900630064767447
set/6 red spotty paper plates,6933.259999999999,6086977.070000007,0.5907358733783871
full english breakfast plate,6928.65,6093905.720000007,0.5914082928835066
round cake tin vintage red,6927.64,6100833.360000007,0.5920806143689975
black/blue polkadot umbrella,6909.990000000001,6107743.350000007,0.592751222937215
victorian sewing box medium,6909.37,6114652.720000007,0.5934217713349675
heart filigree dove  small,6901.33,6121554.050000007,0.5940915394576561
aged glass silver t-light holder,6890.47,6128444.520000007,0.5947602536267137
advent calendar gingham sack,6860.09,6135304.610000007,0.5954260194429802
single heart zinc t-light holder,6831.75,6142136.360000007,0.5960890348866958
large circular mirror mobile,6827.98,6148964.340000007,0.5967516844551639
white spot red ceramic drawer knob,6815.9,6155780.240000008,0.5974131616700534
set 40 heart shape petit four cases,6792.23,6162572.470000008,0.5980723417318632
4 traditional spinning tops,6789.46,6169361.930000008,0.5987312529675626
christmas lights 10 vintage baubles,6785.17,6176147.100000008,0.5993897478624629
childrens cutlery dolly girl,6782.76,6182929.860000008,0.6000480088689425
wall art classic puddings,6762.71,6189692.570000008,0.6007043240402192
dolly girl baby gift set,6753.509999999999,6196446.0800000075,0.6013597463594328
pink fairy cake childrens apron,6732.49,6203178.570000008,0.6020131287057805
mini lights woodland mushrooms,6726.64,6209905.210000007,0.602665943314675
biscuit tin 50's christmas,6715.93,6216621.140000007,0.6033177185273091
pink baby bunting,6710.42,6223331.560000007,0.6039689589991967
retrospot large milk jug,6701.22,6230032.780000007,0.6046193066190212
save the planet mug,6681.21,6236713.990000007,0.6052677122856084
set of 72 pink heart paper doilies,6672.7,6243386.690000007,0.6059152920640372
bingo set,6667.04,6250053.730000007,0.6065623225443489
red retrospot shopper bag,6613.04,6256666.770000007,0.6072041123712467
72 sweetheart fairy cake cases,6555.33,6263222.100000007,0.6078403014924313
vintage donkey tail game,6550.17,6269772.270000007,0.6084759898400673
doorstop retrospot heart,6544.63,6276316.900000007,0.6091111405354828
3 drawer antique white wood cabinet,6529.54,6282846.440000007,0.6097448267594164
set/10 pink polkadot party candles,6496.04,6289342.480000007,0.6103752618372507
red 3 piece retrospot cutlery set,6494.66,6295837.140000007,0.6110055629872755
vintage christmas stocking,6488.2,6302325.340000007,0.6116352371998734
antique silver tea glass etched,6478.01,6308803.350000007,0.6122639224817623
christmas craft tree top angel,6474.290000000001,6315277.640000007,0.6128922467408604
jingle bell heart decoration,6472.36,6321750.000000007,0.6135203836951235
candleholder pink hanging heart,6471.240000000001,6328221.240000008,0.614148411954353
landmark frame camden town,6457.15,6334678.390000008,0.6147750727912379
red retrospot bowl,6441.06,6341119.450000008,0.6154001721075036
traditional naughts & crosses,6436.61,6347556.060000008,0.6160248395551084
large zinc heart wall organiser,6431.110000000001,6353987.170000008,0.6166489732324583
childs breakfast set dolly girl,6422.28,6360409.450000009,0.6172722499659257
lantern cream gazebo,6405.54,6366814.990000009,0.6178939020968347
pantry washing up brush,6401.969999999999,6373216.960000008,0.6185152077623236
set of 60 pantry design cake cases,6379.59,6379596.550000008,0.6191343414681199
regency tea plate pink,6360.909999999999,6385957.460000008,0.6197516622960315
coffee mug apples design,6353.55,6392311.010000008,0.6203682688422926
set of 2 tea towels apple and pears,6349.95,6398660.960000008,0.6209845260116594
place setting white heart,6332.29,6404993.250000008,0.6215990692932617
red retrospot oven glove,6321.76,6411315.010000008,0.6222125906474482
wooden happy birthday garland,6316.360000000001,6417631.3700000085,0.6228255879362933
suki  shoulder bag,6298.61,6423929.980000009,0.6234368626029514
love seat antique white metal,6210.0,6430139.980000009,0.6240395377455539
classic glass cookie jar,6191.6900000000005,6436331.670000009,0.6246404359184524
bundle of 3 alphabet exercise books,6142.289999999999,6442473.960000009,0.6252365398639685
blue spot ceramic drawer knob,6141.29,6448615.250000009,0.6258325467603474
pack of 60 dinosaur cake cases,6117.910000000001,6454733.160000009,0.6264262846478963
parisienne jewellery drawer,6102.18,6460835.340000009,0.6270184959525156
retrospot childrens apron,6093.05,6466928.390000009,0.6276098211985113
red spot ceramic drawer knob,6078.54,6473006.930000009,0.6281997382615249
white spot blue ceramic drawer knob,6071.75,6479078.680000009,0.6287889963608962
tea time tea towels,6045.0,6485123.680000009,0.6293756583958449
wall art stop for tea,6042.150000000001,6491165.830000009,0.6299620438407524
brocade ring purse,6036.39,6497202.220000009,0.6305478702826289
doormat airmail,6034.9,6503237.120000009,0.631133552121291
photo cube,6013.429999999999,6509250.550000009,0.6317171503149753
red retrospot small milk jug,6011.51,6515262.060000009,0.632300562174316
doormat topiary,6009.84,6521271.900000009,0.6328838119615974
set of 6 tea time baking cases,5988.05,6527259.950000009,0.6334649470481771
wall art bicycle safety,5983.9,6533243.850000009,0.6340456793808371
vintage christmas gift sack,5968.3,6539212.150000009,0.6346248977469553
set 3 wicker oval baskets w lids,5961.25,6545173.400000009,0.6352034319166555
recycled acapulco mat turquoise,5949.34,6551122.740000009,0.6357808102311305
3 stripey mice feltcraft,5925.389999999999,6557048.130000008,0.6363558642187674
set of 4 jam jar magnets,5907.360000000001,6562955.490000009,0.6369291684104589
pantry chopping board,5868.5,6568823.990000009,0.6374987012726749
queens guard coffee mug,5849.29,6574673.280000009,0.6380663698209637
botanical gardens wall clock,5843.92,6580517.200000009,0.6386335172153851
frying pan union flag,5837.84,6586355.040000008,0.6392000745510518
feltcraft princess olivia doll,5812.72,6592167.760000008,0.6397641940123895
photo frame 3 classic hanging,5807.349999999999,6597975.110000008,0.64032779231986
wooden owls light garland,5802.6,6603777.710000007,0.6408909296439284
polkadot pen,5793.62,6609571.3300000075,0.6414531954667438
doormat respectable house,5762.28,6615333.610000008,0.6420124197695966
sombrero,5716.85,6621050.460000007,0.6425672351301418
red retrospot plate,5704.78,6626755.240000008,0.6431208791076001
ceramic strawberry cake money bank,5695.7699999999995,6632451.010000007,0.6436736486723311
pack of 20 napkins pantry design,5681.9,6638132.910000008,0.644225072165528
paper bunting coloured lace,5661.05,6643793.960000007,0.6447744721842124
hot water bottle babushka,5625.38,6649419.340000007,0.6453204104601692
10 colour spaceboy pen,5585.45,6655004.7900000075,0.645862473564074
natural slate rectangle chalkboard,5575.33,6660580.120000008,0.6464035545307094
skull lunch box with cutlery,5568.07,6666148.190000008,0.646943930920608
antique glass dressing table pot,5564.25,6671712.440000008,0.6474839365828021
wall art big love,5559.11,6677271.550000008,0.6480234434124306
enamel measuring jug cream,5549.68,6682821.230000008,0.6485620350686943
treasure island book box,5528.04,6688349.270000008,0.6490985265816268
large ivory heart wall organiser,5525.4,6693874.670000008,0.649634761884837
pink 3 piece polkadot cutlery set,5520.02,6699394.690000008,0.6501704750636886
hanging metal heart lantern,5519.419999999999,6704914.110000008,0.6507061300130578
set of 5 lucky cat magnets,5517.99,6710432.100000008,0.6512416461821606
lunch bag paisley park,5513.83,6715945.930000008,0.6517767586268522
3 piece spaceboy cookie cutter set,5481.09,6721427.020000008,0.652308693682789
calendar paper cut design,5479.06,6726906.0800000075,0.6528404317289769
heart ivory trellis small,5468.66,6732374.740000008,0.6533711604641369
small zinc heart wall organiser,5416.18,6737790.920000007,0.6538967960605717
rustic  seventeen drawer sideboard,5415.0,6743205.920000007,0.6544223171390245
charlotte bag vintage alphabet,5407.58,6748613.500000007,0.6549471181128786
pack of 6 pannetone gift boxes,5405.98,6754019.480000008,0.6554717638081131
vintage cream cat food container,5403.28,6759422.760000008,0.6559961474706768
dog bowl chasing ball design,5389.0199999999995,6764811.780000008,0.6565191472125427
vintage doily deluxe sewing kit,5377.81,6770189.590000007,0.6570410590335795
party metal sign,5345.88,6775535.470000007,0.6575598720756625
travel card wallet keep calm,5314.9,6780850.370000008,0.658075678535472
welcome  wooden block letters,5276.94,6786127.310000008,0.6585878010100299
heart ivory trellis large,5274.119999999999,6791401.430000008,0.6590996498060206
box of vintage jigsaw blocks,5248.21,6796649.640000008,0.659608984058864
bread bin diner style pink,5225.4,6801875.040000008,0.6601161046208857
small ivory heart wall organiser,5219.1,6807094.140000008,0.6606226137733424
pink drawer knob acrylic edwardian,5211.7,6812305.840000008,0.6611284047621832
gumball magazine rack,5198.66,6817504.500000008,0.6616329302302736
recipe box blue sketchbook design,5195.030000000001,6822699.530000009,0.6621371034099955
set of 3 wooden heart decorations,5184.69,6827884.220000009,0.662640273101638
doormat merry christmas red,5176.25,6833060.470000009,0.6631426236985616
childrens apron apples design,5174.32,6838234.790000009,0.6636447869906503
red retrospot mug,5170.64,6843405.430000009,0.6641465931419136
set of 6 nativity magnets,5170.1,6848575.530000009,0.6646483468866429
set3 book box green gingham flower,5167.88,6853743.4100000085,0.6651498851822873
home sweet home metal sign,5161.88,6858905.290000008,0.665650841183108
large ceramic top storage jar,5147.66,6864052.950000009,0.6661504171451964
regency tea strainer,5143.6900000000005,6869196.640000009,0.6666496078222097
coffee mug pears  design,5136.84,6874333.480000009,0.6671481337126325
ceramic cake stand + hanging cakes,5127.24,6879460.720000009,0.6676457279313373
gingham heart decoration,5125.46,6884586.180000009,0.6681431494025777
foot stool home sweet home,5097.65,6889683.830000009,0.66863787193731
christmas toilet roll,5093.76,6894777.590000009,0.6691322169508981
airline bag vintage tokyo 78,5093.57,6899871.160000009,0.6696265435251502
bath building block word,5089.56,6904960.720000009,0.6701204809323617
biscuit tin vintage christmas,5088.45,6910049.170000009,0.6706143106150307
feltcraft girl amelie kit,5083.89,6915133.060000009,0.6711076977536338
set of 12 mini loaf baking cases,5078.429999999999,6920211.490000009,0.6716005550039472
pantry magnetic  shopping list,5068.4,6925279.890000009,0.6720924388514136
pack of six led tea lights,5048.72,6930328.610000009,0.6725824127718579
light garland butterfiles pink,5044.34,6935372.950000009,0.6730719616170809
vintage christmas tablecloth,5037.96,6940410.9100000085,0.673560891288808
coffee mug cat + bird design,5031.83,6945442.740000009,0.6740492260493235
i'm on holiday metal sign,5031.38,6950474.1200000085,0.6745375171377271
set 3 paper vintage chick paper egg,5023.5,6955497.6200000085,0.6750250434789289
feltcraft doll rosie,5022.1,6960519.720000008,0.6755124339513384
vinyl record frame silver,5010.69,6965530.4100000085,0.6759987170930916
childs breakfast set circus parade,5009.56,6970539.970000008,0.6764848905693194
wall art keep calm,5003.040000000001,6975543.010000008,0.6769704312851722
scandinavian paisley picnic bag,5001.98,6980544.990000009,0.6774558691289394
bread bin diner style mint,5001.83,6985546.820000009,0.6779412924153361
bubblegum ring assorted,4997.28,6990544.100000009,0.6784262741281579
landmark frame covent garden,4974.51,6995518.610000009,0.6789090460321237
pink vintage paisley picnic bag,4964.03,7000482.640000009,0.6793908008611306
christmas craft white fairy,4950.54,7005433.180000009,0.6798712464972753
traditional pick up sticks game,4944.37,7010377.550000009,0.6803510933402429
"assorted flower colour ""leis""",4934.87,7015312.420000009,0.6808300182164063
bird house hot water bottle,4914.69,7020227.11000001,0.681306984640979
strawberry   picnic bag,4901.8,7025128.910000009,0.681782700102172
poppy's playhouse kitchen,4897.63,7030026.540000009,0.6822580108684625
circus parade baby gift set,4896.549999999999,7034923.090000009,0.6827332168216846
roll wrap 50's christmas,4880.65,7039803.74000001,0.6832068796936238
set/10 blue polkadot party candles,4868.05,7044671.790000009,0.6836793197464331
playing cards keep calm & carry on,4864.3,7049536.090000009,0.6841513958649775
set/6 red spotty paper cups,4861.900000000001,7054397.99000001,0.6846232390655924
jumbo bag charlie and lola toys,4853.81,7059251.800000009,0.6850942971386866
filigris heart with butterfly,4851.88,7064103.680000009,0.6855651679069458
pottering mug,4834.51,7068938.190000009,0.6860343529316902
landmark frame oxford street,4830.53,7073768.720000009,0.6865031517008682
landmark frame notting hill,4818.07,7078586.790000009,0.6869707412377954
picture dominoes,4799.83,7083386.620000009,0.6874365605984585
edwardian parasol pink,4779.3,7088165.920000009,0.6879003875403328
set of 5 pancake day magnets,4771.76,7092937.680000009,0.6883634827317119
bull dog bottle opener,4764.5,7097702.180000009,0.6888258733463543
pink heart shape egg frying pan,4761.78,7102463.960000009,0.6892879999873432
red retrospot butter dish,4758.75,7107222.710000009,0.6897498325694462
5 hook hanger red magic toadstool,4753.29,7111976.000000009,0.6902111352632595
tradtional alphabet stamp set,4752.31,7116728.310000009,0.6906723428489182
pink polkadot bowl,4749.84,7121478.150000009,0.6911333107232078
blue vintage spot beaker,4747.62,7126225.770000009,0.6915940631484127
landmark frame london bridge,4741.37,7130967.140000009,0.6920542090165094
36 pencils tube red retrospot,4729.9800000000005,7135697.120000009,0.6925132494949324
spaceboy mini backpack,4726.59,7140423.710000009,0.6929719609767799
ceramic heart fairy cake money bank,4721.73,7145145.44000001,0.6934302007998202
ribbon reel stripes design,4716.33,7149861.77000001,0.693887916557519
treasure tin gymkhana design,4709.07,7154570.84000001,0.6943449277384812
abc treasure book box,4697.58,7159268.42000001,0.6948008238248558
washroom metal sign,4680.63,7163949.05000001,0.6952550749283533
set of 3 cake tins sketchbook,4678.71,7168627.76000001,0.695709139697507
poppy's playhouse bedroom,4678.59,7173306.35000001,0.6961631928207643
cabin bag vintage retrospot,4674.62,7177980.97000001,0.6966168606589467
wooden skittles garden set,4670.36,7182651.33000001,0.6970701150678041
traditional christmas ribbons,4660.2,7187311.5300000105,0.6975223834574267
pink party bags,4649.5,7191961.0300000105,0.6979736134212801
heart filigree dove large,4643.669999999999,7196604.70000001,0.6984242775886631
picnic boxes set of 3 retrospot,4625.860000000001,7201230.560000011,0.6988732133109109
purple drawerknob acrylic edwardian,4621.87,7205852.430000011,0.6993217618071008
camouflage led torch,4594.43,7210446.860000011,0.6997676472749634
pink vintage spot beaker,4572.41,7215019.270000011,0.7002113957208228
pack of 60 spaceboy cake cases,4566.54,7219585.810000011,0.7006545744882463
home sweet home blackboard,4561.76,7224147.570000011,0.7010972893607934
set of 3 hanging owls ollie beak,4557.97,7228705.54000001,0.7015396364171103
laundry 15c metal sign,4542.889999999999,7233248.43000001,0.7019805199724366
12 pencils small tube skull,4531.9800000000005,7237780.41000001,0.7024203447216751
set of 60 i love london cake cases,4527.2,7242307.610000011,0.7028597055760374
regency sugar tongs,4515.22,7246822.83000001,0.7032979037817348
parisienne curio cabinet,4514.58,7251337.41000001,0.7037360398759844
blue 3 piece polkadot cutlery set,4504.5,7255841.91000001,0.7041731977149301
cupcake lace paper set 6,4488.63,7260330.54000001,0.7046088153840668
skull shoulder bag,4480.28,7264810.820000011,0.7050436226929072
small ceramic top storage jar,4476.009999999999,7269286.83000001,0.7054780156019314
set of 36 teatime paper doilies,4474.07,7273760.900000011,0.7059122202356292
pharmacie first aid tin,4470.8099999999995,7278231.71000001,0.7063461084891393
christmas lights 10 santas,4469.04,7282700.75000001,0.7067798249656765
paper bunting vintage paisley,4460.38,7287161.13000001,0.7072127009966847
green vintage spot beaker,4444.2300000000005,7291605.360000011,0.7076440096841256
wall art only one person,4436.27,7296041.63000001,0.7080745458604335
black kitchen scales,4427.36,7300468.9900000105,0.7085042173289283
12 pencils small tube red retrospot,4387.820000000001,7304856.810000011,0.7089300514745344
roll wrap vintage christmas,4355.1,7309211.91000001,0.7093527101723681
round snack boxes set of 4 skulls,4336.7,7313548.610000011,0.7097735831660756
small chinese style scissor,4335.76,7317884.37000001,0.7101943649335941
box of 24 cocktail parasols,4329.48,7322213.850000011,0.7106145372325304
children's apron dolly girl,4328.530000000001,7326542.380000011,0.7110346173347863
red retrospot wrap,4322.42,7330864.800000011,0.7114541044668132
traditional wooden catch cup game,4322.16,7335186.960000011,0.7118735663660646
classic cafe sugar dispenser,4312.6,7339499.560000011,0.7122921004755632
recycled acapulco mat green,4286.55,7343786.110000011,0.7127081064550354
set of 6 herb tins sketchbook,4282.570000000001,7348068.680000011,0.7131237261789412
wicker star,4260.12,7352328.800000011,0.7135371671497147
pink floral feltcraft shoulder bag,4235.88,7356564.680000011,0.7139482556494001
charlotte bag dolly girl design,4231.95,7360796.630000011,0.714358962745976
large cake stand  hanging strawbery,4228.01,7365024.640000011,0.714769287468951
glass bon bon jar,4217.73,7369242.370000011,0.7151786145267945
antique glass pedestal bowl,4215.14,7373457.510000011,0.7155876902273725
glass apothecary bottle perfume,4208.96,7377666.470000011,0.7159961661642819
zinc t-light holder stars small,4197.83,7381864.300000011,0.7164035619442933
holiday fun ludo,4194.89,7386059.190000011,0.716810672399841
set of 4 english rose placemats,4193.12,7390252.310000011,0.7172176110784158
red retrospot childrens umbrella,4190.83,7394443.140000011,0.717624327514466
pack 3 boxes bird pannetone,4188.94,7398632.080000011,0.7180308605276469
parisienne key cabinet,4158.68,7402790.760000011,0.7184344568339331
vintage cream 3 basket cake stand,4155.34,7406946.100000011,0.7188377289961008
scandinavian reds ribbons,4151.82,7411097.920000011,0.7192406595453052
gin and tonic mug,4149.929999999999,7415247.850000011,0.7196434066716402
strawberry fairy cake teapot,4147.7300000000005,7419395.580000011,0.7200459402898731
antique heart shelf unit,4145.47,7423541.050000011,0.7204482545770556
christmas star wish list chalkboard,4142.92,7427683.970000011,0.7208503213889382
doormat vintage leaf,4122.2,7431806.170000011,0.7212503773426959
round cake tin vintage green,4109.72,7435915.890000011,0.7216492221232202
childrens cutlery circus parade,4101.37,7440017.260000011,0.7220472565434481
buffalo bill treasure book box,4097.28,7444114.540000011,0.7224448940327045
bathroom metal sign,4087.4500000000003,7448201.990000011,0.7228415775289413
i love london baby gift set,4082.5199999999995,7452284.510000011,0.7232377825729311
wooden heart christmas scandinavian,4075.9399999999996,7456360.450000011,0.7236333490335977
pack of 12 traditional crayons,4072.97,7460433.420000011,0.7240286272583263
vintage christmas cake frill,4053.8799999999997,7464487.300000011,0.724422052815024
owl doorstop,4051.79,7468539.090000011,0.7248152755390248
bag 250g swirly marbles,4039.2799999999997,7472578.370000011,0.7252072841783181
lovebird hanging decoration white,4037.9799999999996,7476616.350000012,0.7255991666537329
set/6 pink  butterfly t-lights,4012.05,7480628.400000012,0.7259885326450176
60 cake cases dolly girl design,4010.55,7484638.950000011,0.7263777530625963
watering can blue elephant,4002.6099999999997,7488641.560000012,0.726766202910025
novelty biscuits cake stand 3 tier,3999.5699999999997,7492641.130000012,0.7271543577280762
heart shaped holly wreath,3999.5000000000005,7496640.630000012,0.7275425057526879
36 foil heart cake cases,3992.5800000000004,7500633.210000012,0.7279299821972695
paint your own canvas set,3989.9399999999996,7504623.1500000125,0.7283172024321286
blue polkadot bowl,3984.37,7508607.520000013,0.728703882103293
set of 36 doilies pantry design,3983.6,7512591.120000012,0.7290904870466216
enchanted bird coathanger 5 hook,3978.9700000000003,7516570.090000012,0.7294766426524445
feltcraft doll emily,3974.1300000000006,7520544.220000012,0.729862328540443
food container set 3 love heart,3952.19,7524496.410000012,0.7302458851703693
wall art dog licence,3939.76,7528436.170000012,0.7306282354795188
landmark frame baker street,3930.27,7532366.440000012,0.7310096647923555
easter craft 4 chicks,3929.15,7536295.590000012,0.7313909854101585
set 10 night owl lights,3915.48,7540211.070000012,0.7317709793662547
pantry scrubbing brush,3914.9599999999996,7544126.030000012,0.7321509228567994
green metal box army supplies,3914.5,7548040.530000012,0.7325308217047409
boys vintage tin seaside bucket,3913.72,7551954.250000012,0.7329106448543554
red retrospot oven glove double,3909.63,7555863.880000012,0.7332900710729983
jumbo bag scandinavian paisley,3908.62,7559772.500000012,0.7336693992720126
recycled acapulco mat red,3896.84,7563669.340000012,0.7340475842321895
metal sign her dinner is served,3896.4500000000003,7567565.790000012,0.7344257313432029
bicycle puncture repair kit,3883.99,7571449.780000012,0.7348026692219656
cake plate lovebird white,3880.2,7575329.980000013,0.7351792392844979
wooden star christmas scandinavian,3877.68,7579207.660000012,0.7355555647832043
large red retrospot windmill,3877.09,7583084.750000012,0.7359318330229196
ribbon reel snowy village,3856.07,7586940.820000012,0.736306061289769
peg bag apples design,3853.7599999999998,7590794.580000012,0.7366800653731113
retro coffee mugs assorted,3844.81,7594639.390000012,0.7370532008666747
parisienne sewing box,3839.2400000000002,7598478.630000012,0.7374257957965434
gymkhana treasure book box,3824.5299999999997,7602303.160000012,0.7377969631336027
biscuit tin vintage red,3823.21,7606126.370000012,0.7381680023658005
set of 6 t-lights santa,3822.5000000000005,7609948.870000012,0.738538972693111
large cake towel pink spots,3822.45,7613771.320000012,0.7389099381679645
illustrated cat bowl,3822.1199999999994,7617593.4400000125,0.7392808716166027
lunch bag suki  design,3791.86,7621385.300000013,0.7396488683583464
blue polkadot plate,3789.3199999999997,7625174.620000013,0.7400166185952815
16 piece cutlery set pantry design,3785.06,7628959.680000013,0.7403839554028915
large antique white photo frame,3773.5800000000004,7632733.260000013,0.7407501780864054
food cover with beads set 2,3772.88,7636506.140000013,0.7411163328355233
small red retrospot windmill,3766.93,7640273.070000012,0.7414819101422742
red retrospot traditional teapot,3756.79,7644029.860000012,0.741846503370773
colouring pencils brown tube,3751.61,7647781.470000013,0.7422105938847405
storage tin vintage doily,3751.02,7651532.490000012,0.742574627139717
large heart measuring spoons,3725.6099999999997,7655258.100000013,0.7429361943761149
first aid tin,3722.23,7658980.330000013,0.7432974335864289
glass  beurre dish,3721.63,7662701.960000013,0.7436586145672603
toilet sign occupied or vacant,3718.0899999999997,7666420.050000013,0.7440194519941458
cinderella chandelier,3717.56,7670137.610000012,0.7443802379849883
four hook  white lovebirds,3713.54,7673851.1500000125,0.7447406338382991
cream sweetheart egg holder,3708.52,7677559.670000012,0.7451005425049406
red retrospot sugar jam bowl,3692.37,7681252.040000012,0.7454588838280148
s/6 wooden skittles in cotton bag,3689.46,7684941.500000012,0.7458169427380995
vintage blue kitchen cabinet,3685.0,7688626.500000012,0.7461745688090318
glass apothecary bottle tonic,3678.11,7692304.610000012,0.7465315262114082
mistletoe heart wreath green,3676.1800000000003,7695980.790000012,0.7468882963089496
ivory giant garden thermometer,3674.7000000000003,7699655.490000012,0.7472449227737678
french enamel candleholder,3666.2900000000004,7703321.780000012,0.7476007330553414
wall tidy retrospot,3649.0699999999997,7706970.850000013,0.7479548721507707
antique silver bauble lamp,3635.23,7710606.080000013,0.7483076680861399
babushka lights string of 10,3633.17,7714239.250000013,0.7486602641002863
set of 6 snack loaf baking cases,3631.0499999999997,7717870.300000013,0.7490126543702615
fairy tale cottage nightlight,3626.45,7721496.750000013,0.7493645982142052
cake stand 3 tier magic garden,3624.5999999999995,7725121.350000013,0.7497163625172449
white rocking horse hand painted,3617.78,7728739.130000013,0.7500674649451683
drawer knob crackle glaze ivory,3608.5799999999995,7732347.710000013,0.7504176745210286
empire design rosette,3606.4199999999996,7735954.130000013,0.7507676744707522
charlie and lola figures tins,3587.19,7739541.320000013,0.7511158081655658
set of 16 vintage pistachio cutlery,3585.99,7743127.310000014,0.7514638254014145
zinc herb garden container,3585.39,7746712.700000013,0.751811784407781
ribbon reel christmas sock bauble,3585.02,7750297.720000013,0.7521597075059665
tea bag plate red retrospot,3584.99,7753882.710000013,0.752507627692678
coloured glass star t-light holder,3584.9100000000003,7757467.620000013,0.7528555401154584
classic chrome bicycle bell,3582.97,7761050.590000013,0.7532032642629125
rotating leaves t-light holder,3578.83,7764629.420000013,0.7535505866269383
pack of 20 napkins red apples,3573.83,7768203.250000013,0.7538974237452776
ivory wicker heart large,3570.7599999999998,7771774.010000013,0.7542439629227653
antique tall swirlglass trinket pot,3564.49,7775338.500000013,0.7545898936021622
strawberry shopper bag,3564.48,7778902.9800000135,0.7549358233110678
retrospot lamp,3561.3399999999997,7782464.320000013,0.7552814482856822
red baby bunting,3559.0,7786023.320000013,0.7556268461653154
bundle of 3 retro note books,3557.9399999999996,7789581.260000014,0.755972141172863
set of 36 paisley flower doilies,3545.6,7793126.860000013,0.7563162385940564
vintage paisley stationery set,3529.12,7796655.9800000135,0.7566587366454672
bag 125g swirly marbles,3528.89,7800184.870000013,0.7570012123755764
doormat peace on earth blue,3519.6600000000003,7803704.530000013,0.7573427923421484
6 gift tags vintage christmas,3517.5199999999995,7807222.050000013,0.7576841646235665
set of 12 fork candles,3507.51,7810729.560000013,0.7580245654431202
girls vintage tin seaside bucket,3507.17,7814236.730000013,0.7583649332659674
"tray, breakfast in bed",3491.8599999999997,7817728.590000013,0.7587038152665226
red retrospot cup,3488.44,7821217.030000013,0.7590423653590284
gaolers keys decorative garden,3486.98,7824704.010000014,0.7593807737597935
christmas pudding trinket pot,3470.83,7828174.840000014,0.7597176148169914
set of 9 heart shaped balloons,3456.75,7831631.590000014,0.7600530894223362
roll wrap vintage spot,3456.33,7835087.920000014,0.7603885232670432
tea time kitchen apron,3456.15,7838544.070000014,0.7607239396429056
metal sign drop your pants,3450.21,7841994.280000014,0.7610587795468924
retrospot giant tube matches,3450.15,7845444.430000015,0.7613936136279311
pink  polkadot plate,3449.6,7848894.030000014,0.7617283943319441
camouflage design teddy,3448.05,7852342.080000014,0.7620630246097944
ivory hanging decoration  heart,3447.5499999999997,7855789.630000014,0.762397606363076
mirrored disco ball,3446.9500000000003,7859236.580000014,0.7627321298868752
coffee mug dog + ball design,3444.91,7862681.490000014,0.7630664554304344
set of 5 mini grocery magnets,3437.85,7866119.340000014,0.7634000958070842
6 gift tags 50's christmas,3431.89,7869551.2300000135,0.7637331577708758
fancy fonts birthday wrap,3430.0,7872981.2300000135,0.7640660363117979
woodland mini backpack,3427.94,7876409.170000014,0.7643987149314972
glass apothecary bottle elixir,3427.4800000000005,7879836.650000014,0.7647313489085934
feltcraft girl nicole kit,3427.3500000000004,7883264.000000014,0.7650639702693016
office mug warmer black+silver,3418.51,7886682.510000014,0.7653957337156362
set 3 wicker storage baskets,3399.95,7890082.460000014,0.7657256959299825
set of 4 knick knack tins poppies,3399.4900000000002,7893481.950000014,0.7660556135017258
red gingham rose jewellery box,3398.95,7896880.900000014,0.766385478666935
spaceboy birthday card,3397.65,7900278.550000015,0.7667152176682656
charlie+lola pink hot water bottle,3390.88,7903669.430000015,0.7670442996469367
button box,3380.45,7907049.880000015,0.7673723694031058
moroccan tea glass,3377.74,7910427.620000015,0.7677001761561129
vintage  2 metre folding ruler,3375.7,7913803.320000015,0.7680277849288799
sweetheart 3 tier cake stand,3371.58,7917174.900000015,0.7683549938592011
floral folk stationery set,3363.34,7920538.240000015,0.7686814031046312
pack 3 boxes christmas pannetone,3361.77,7923900.010000015,0.7690076599829156
happy stencil craft,3358.1800000000003,7927258.190000014,0.7693335684547972
doormat christmas village,3354.22,7930612.410000014,0.769659092612095
watering can pink bunny,3350.62,7933963.030000014,0.7699842673924986
ribbon reel hearts design,3348.39,7937311.420000014,0.770309225753326
"diamante heart shaped wall mirror,",3328.2,7940639.620000014,0.7706322246920715
set 10 lights night owl,3317.4700000000003,7943957.090000014,0.7709541822935737
large deco jewellery stand,3314.94,7947272.030000014,0.7712758943607587
belle jardiniere cushion cover,3305.83,7950577.860000014,0.7715967223103029
fine wicker heart,3304.23,7953882.090000015,0.7719173949812275
jam jar with pink lid,3294.91,7957177.000000015,0.7722371631541923
embossed glass tealight holder,3289.75,7960466.750000015,0.7725564305536088
20 dolly pegs retrospot,3282.3,7963749.050000015,0.7728749749369525
3 hook hanger magic garden,3280.1099999999997,7967029.160000015,0.7731933067826854
set of 60 vintage leaf cake cases,3279.21,7970308.370000015,0.7735115512841948
set 3 song bird paper eggs assorted,3277.3100000000004,7973585.680000015,0.7738296113923432
enamel watering can cream,3266.09,7976851.770000014,0.7741465826091712
set of 16 vintage rose cutlery,3264.63,7980116.400000014,0.7744634121342588
recycled acapulco mat pink,3262.57,7983378.970000015,0.7747800417381236
potting shed tea mug,3262.25,7986641.220000015,0.7750966402862646
green christmas tree card holder,3245.68,7989886.900000014,0.7754116307302004
poppy's playhouse livingroom,3244.94,7993131.840000015,0.7757265493577747
home sweet home cushion cover,3230.41,7996362.250000015,0.7760400578613841
wrap alphabet design,3228.42,7999590.670000015,0.7763533732372102
recycled acapulco mat blue,3223.49,8002814.160000015,0.7766662101607895
12 pencil small tube woodland,3216.1200000000003,8006030.280000015,0.776978331832227
glass jar english confectionery,3210.52,8009240.800000015,0.7772899100284956
victorian  metal postcard spring,3207.69,8012448.490000015,0.7776012135757056
pack of 12 coloured pencils,3193.83,8015642.320000015,0.7779111720218728
set/3 vanilla scented candle in box,3186.5,8018828.820000015,0.7782204190978634
mint diner wall clock,3176.41,8022005.230000015,0.7785286869480589
rose caravan doorstop,3174.84,8025180.070000015,0.7788368024311088
drawer knob ceramic ivory,3173.89,8028353.960000015,0.7791448257174782
white wicker star,3155.1800000000003,8031509.140000015,0.7794510332144888
hanging metal star lantern,3153.0899999999997,8034662.230000014,0.7797570378788026
mini wooden happy birthday garland,3138.0,8037800.230000014,0.7800615780716345
glass cloche small,3131.02,8040931.250000014,0.7803654408614881
dinosaur lunch box with cutlery,3127.38,8044058.630000014,0.780668950392482
spaceboy beaker,3117.34,8047175.970000014,0.7809714855501373
blue polkadot cup,3112.81,8050288.780000013,0.7812735810752007
green 3 piece polkadot cutlery set,3110.9100000000003,8053399.690000013,0.7815754922069034
retrospot red washing up gloves,3090.96,8056490.650000013,0.781875467208317
sweetheart bird house,3082.71,8059573.360000013,0.7821746415543479
glitter butterfly clips,3079.88,8062653.240000013,0.7824735412513202
vintage  2 meter folding ruler,3075.3699999999994,8065728.610000013,0.7827720032566834
alphabet stencil craft,3063.52,8068792.130000013,0.7830693152297695
decorative wicker heart large,3056.3399999999997,8071848.470000013,0.7833659303900499
set of 6 t-lights snowmen,3045.6800000000003,8074894.1500000125,0.7836615110065267
set of 4 napkin charms cutlery,3044.76,8077938.910000012,0.7839570023377973
treasure tin buffalo bill,3037.11,8080976.020000013,0.7842517512431675
children's spaceboy mug,3032.99,8084009.010000013,0.7845461003060922
set of salt and pepper toadstools,3029.1,8087038.110000012,0.7848400718478726
tablecloth red apples design,3027.3799999999997,8090065.490000012,0.785133876465137
set of 4 knick knack tins leaf,3024.76,8093090.250000012,0.7854274268136616
christmas hanging star with bell,3022.79,8096113.040000012,0.7857207859753857
cardholder holly wreath metal,3021.12,8099134.160000012,0.7860139830650507
christmas metal tags assorted,3019.12,8102153.280000012,0.786306986056441
citronella candle garden pot,3018.15,8105171.430000013,0.7865998949101681
dolly girl mini backpack,3008.9900000000002,8108180.420000013,0.7868919147937976
doiley storage tin,3004.46,8111184.880000013,0.7871834950448352
ceramic cherry cake money bank,3000.02,8114184.9000000125,0.7874746443977031
wrap english rose,2990.92,8117175.820000012,0.7877649106034217
tropical  honeycomb paper garland,2987.82,8120163.640000013,0.7880548759568147
gingham heart  doorstop red,2982.0299999999997,8123145.670000013,0.7883442793957027
woodland party bag + sticker set,2975.14,8126120.810000013,0.7886330141660347
vintage union jack apron,2967.31,8129088.120000012,0.7889209890416218
12 message cards with envelopes,2959.4199999999996,8132047.540000012,0.7892081981995155
set 12 kids colour  chalk sticks,2950.67,8134998.210000012,0.789494558177458
ribbon reel lace design,2948.41,8137946.620000012,0.7897806988243501
s/4 cacti candles,2946.88,8140893.500000012,0.7900666909860622
cotton apron pantry design,2942.1800000000003,8143835.680000012,0.7903522270168291
set of 3 black flying ducks,2934.8100000000004,8146770.490000011,0.790637047795454
glass cloche large,2934.53,8149705.020000012,0.7909218414003205
red rocking horse hand painted,2933.07,8152638.090000012,0.7912064933134465
tea time oven glove,2931.3,8155569.390000012,0.7914909734495996
girls alphabet iron on patches,2923.13,8158492.520000012,0.7917746606943009
biscuit tin vintage green,2911.27,8161403.790000011,0.7920571969362339
glass heart t-light holder,2906.52,8164310.310000011,0.7923392721947647
red drawer knob acrylic edwardian,2901.75,8167212.060000011,0.7926208845289107
spaceboy childrens bowl,2899.1000000000004,8170111.16000001,0.7929022396828428
flowers chandelier t-light holder,2898.12,8173009.2800000105,0.7931834997286205
dolly girl beaker,2891.25,8175900.5300000105,0.7934640930468247
pack of 60 mushroom cake cases,2886.9500000000003,8178787.480000011,0.7937442690537388
doormat vintage leaves design,2881.18,8181668.66000001,0.7940238850871306
modern floral stationery set,2880.45,8184549.110000011,0.7943034302746522
stool home sweet home,2873.08,8187422.190000011,0.794582260210032
retrospot padded seat cushion,2860.98,8190283.170000011,0.7948599158508505
enamel wash bowl cream,2858.96,8193142.130000011,0.7951373754524116
playing cards jubilee union jack,2857.64,8195999.770000011,0.7954147069491114
chest of drawers gingham heart,2851.3599999999997,8198851.130000011,0.7956914289772291
heart wreath decoration with bell,2850.89,8201702.020000011,0.7959681053922523
baking mould heart milk chocolate,2849.35,8204551.37000001,0.7962446323516039
empire union jack tv dinner tray,2844.16,8207395.5300000105,0.7965206556259331
red retrospot tea cup and saucer,2831.17,8210226.70000001,0.7967954182319688
toy tidy spaceboy,2823.86,8213050.560000011,0.7970694714088109
victorian sewing kit,2823.83,8215874.390000011,0.7973435216741788
blue party bags,2822.32,8218696.710000011,0.7976174253953495
blue polkadot wrap,2819.84,8221516.550000011,0.7978910884346596
red heart shape love bucket,2803.13,8224319.680000011,0.7981631297828855
cupboard 3 drawer ma campagne,2786.0299999999997,8227105.710000011,0.7984335115908637
sweetheart wire magazine rack,2784.9,8229890.6100000115,0.7987037837333169
white lovebird lantern,2767.01,8232657.620000011,0.7989723196667037
blue giant garden thermometer,2763.42,8235421.040000011,0.7992405071936876
bundle of 3 school exercise books,2761.8999999999996,8238182.940000012,0.7995085472059829
jam jar with green lid,2761.56,8240944.500000011,0.7997765542215715
small heart measuring spoons,2759.2599999999998,8243703.760000011,0.8000443380241442
set of 3 wooden stocking decoration,2757.57,8246461.330000011,0.800311957813675
wall art 70's alphabet,2757.06,8249218.390000011,0.8005795281081457
single antique rose hook ivory,2755.1,8251973.4900000105,0.8008469081863073
green drawer knob acrylic edwardian,2754.4,8254727.890000011,0.801114220330073
pink diner wall clock,2749.85,8257477.7400000105,0.8013810909002638
chest natural wood 20 drawers,2745.0,8260222.7400000105,0.8016474907821387
childrens dolly girl mug,2744.5399999999995,8262967.2800000105,0.8019138460214105
silver bells table decoration,2743.13,8265710.41000001,0.8021800644213988
6 egg house painted wood,2742.33,8268452.7400000105,0.8024462051820771
pack of 12 hearts design tissues,2737.6299999999997,8271190.37000001,0.8027118898118102
set of 2 trays home sweet home,2729.33,8273919.70000001,0.8029767689337038
glitter hanging butterfly string,2725.05,8276644.75000001,0.8032412326852897
ivory wicker heart medium,2721.7,8279366.45000001,0.8035053713222657
regency cake slice,2718.65,8282085.100000011,0.8037692139593731
zinc willie winkie  candle stick,2713.5499999999997,8284798.650000011,0.80403256164588
overnight bag vintage rose paisley,2709.3,8287507.95000001,0.8042954968735536
pink  polkadot cup,2709.04,8290216.9900000105,0.8045584068684514
green giant garden thermometer,2704.71,8292921.70000001,0.8048208966405848
vanilla scent candle jewelled box,2700.73,8295622.430000011,0.8050830001571517
ribbon reel christmas present,2695.8,8298318.230000011,0.8053446252214718
set of 3 wooden sleigh decorations,2694.56,8301012.79000001,0.8056061299448616
doormat welcome sunrise,2686.7200000000003,8303699.51000001,0.8058668738030149
black and white cat bowl,2684.6499999999996,8306384.16000001,0.8061274167694542
spaceboy gift wrap,2683.84,8309068.00000001,0.8063878811260922
doormat i love london,2678.96,8311746.96000001,0.8066478718829402
ma campagne cutlery box,2676.75,8314423.71000001,0.8069076481611948
watering can green dinosaur,2667.5,8317091.21000001,0.8071665267349294
party cone christmas decoration,2664.6299999999997,8319755.84000001,0.8074251267776399
large cake towel chocolate spots,2663.62,8322419.46000001,0.8076836288007219
round container set of 5 retrospot,2663.5399999999995,8325083.00000001,0.8079421230598728
triple hook antique ivory rose,2655.13,8327738.13000001,0.808199801135779
tote bag i love london,2650.08,8330388.21000001,0.8084569891135419
pack of 6 sweetie gift boxes,2649.35,8333037.56000001,0.8087141062454346
fluted antique candle holder,2643.33,8335680.89000001,0.8089706391415208
garland wooden happy easter,2641.93,8338322.82000001,0.8092270361688148
folkart zinc heart christmas dec,2640.8599999999997,8340963.68000001,0.8094833293535318
n0 singing metal sign,2639.42,8343603.10000001,0.8097394827874912
recycled acapulco mat lavender,2621.43,8346224.53000001,0.8099938903074706
antique all glass candlestick,2618.25,8348842.78000001,0.8102479892111935
3 traditional biscuit cutters  set,2610.61,8351453.39000001,0.8105013466595073
utilty cabinet with hooks,2610.29,8354063.68000001,0.8107546730520973
black and white dog bowl,2608.08,8356671.76000001,0.8110077849660938
vintage leaf magnetic notepad,2605.5,8359277.26000001,0.8112606464933161
hall cabinet with 3 drawers,2603.5299999999997,8361880.79000001,0.811513316833738
pink owl soft toy,2600.13,8364480.92000001,0.811765657207093
glass jar daisy fresh cotton wool,2598.23,8367079.150000011,0.8120178131870872
blue drawer knob acrylic edwardian,2593.53,8369672.680000011,0.8122695130361361
pink polkadot wrap,2593.0,8372265.680000011,0.8125211614491423
set/6 turquoise butterfly t-lights,2590.42,8374856.100000011,0.8127725594753742
cream wall planter heart shaped,2588.7000000000003,8377444.800000011,0.81302379057709
small dolly mix design orange bowl,2588.0899999999997,8380032.890000011,0.8132749624788319
baking mould easter egg milk choc,2585.92,8382618.810000011,0.813525923783946
pens assorted funny face,2578.24,8385197.050000011,0.8137761397516856
two door curio cabinet,2577.45,8387774.500000011,0.8140262790506069
stop for tea wall art,2572.7,8390347.20000001,0.8142759573661258
spaceboy childrens cup,2558.82,8392906.02000001,0.8145242886396192
kings choice tea caddy,2557.1200000000003,8395463.14000001,0.8147724549295792
pink doughnut trinket pot,2556.2,8398019.34000001,0.8150205319343328
toadstool money box,2549.11,8400568.450000009,0.8152679208607029
set/20 strawberry paper napkins,2540.39,8403108.84000001,0.815514463518596
mistletoe heart wreath cream,2539.63,8405648.47000001,0.8157609324191447
gingham recipe book box,2529.42,8408177.89000001,0.8160064104480016
lunch bag red vintage doily,2526.69,8410704.58000001,0.8162516235327136
glass star frosted t-light holder,2519.38,8413223.96000001,0.8164961271882322
french wc sign blue metal,2518.0,8415741.96000001,0.8167404969159412
ceramic strawberry money box,2515.52,8418257.48000001,0.8169846259617897
red refectory clock,2511.59,8420769.07000001,0.8172283736045286
french bathroom sign blue metal,2511.22,8423280.29000001,0.8174720853390868
baking mould chocolate cupcakes,2507.14,8425787.43000001,0.8177154011131648
6 ribbons elegant christmas,2503.3399999999997,8428290.77000001,0.817958348100521
cream slice flannel pink spot,2501.56,8430792.330000011,0.818201122340413
set 12 colour pencils spaceboy,2495.75,8433288.080000011,0.8184433327248172
man flu metal sign,2494.3300000000004,8435782.410000011,0.8186854052994463
cake stand white two tier lace,2471.39,8438253.800000012,0.8189252515668661
paper lantern 9 point snow star,2464.61,8440718.410000011,0.8191644398411349
roll wrap 50's red christmas,2462.95,8443181.36000001,0.8194034670138357
pearl crystal pumpkin t-light hldr,2449.2999999999997,8445630.660000011,0.8196411694658126
vintage bells garland,2443.35,8448074.010000011,0.8198782944754224
s/4 valentine decoupage heart box,2443.04,8450517.05000001,0.8201153893997997
airline bag vintage jet set red,2440.27,8452957.32000001,0.8203522154980667
charlie + lola red hot water bottle,2430.44,8455387.76000001,0.820588087603314
kings choice mug,2429.38,8457817.14000001,0.8208238568364761
home sweet home key holder,2428.9100000000003,8460246.05000001,0.8210595804565435
set of 6 t-lights toadstools,2428.1800000000003,8462674.23000001,0.8212952332307406
star wooden christmas decoration,2427.25,8465101.48000001,0.82153079574924
set of 3 wooden tree decorations,2423.54,8467525.020000009,0.82176599821544
make your own flowerpower card kit,2420.34,8469945.360000009,0.8220008901244008
set of 6 t-lights cacti,2419.29,8472364.650000008,0.8222356801317673
set of 9 black skull balloons,2418.94,8474783.590000007,0.8224704361719358
balloons  writing set,2418.68,8477202.270000007,0.8227051669793286
shelf with 4 hooks home sweet home,2409.34,8479611.610000007,0.8229389913477791
oval wall mirror diamante,2401.0699999999997,8482012.680000007,0.8231720131198642
36 pencils tube skulls,2400.05,8484412.730000008,0.8234049359018293
blue savannah picnic hamper for 2,2393.5899999999997,8486806.320000008,0.8236372317463674
box of 6 assorted colour teaspoons,2389.52,8489195.840000007,0.8238691326009167
asstd design racing car pen,2389.44,8491585.280000007,0.824101025691535
balloon water bomb pack of 35,2385.12,8493970.400000006,0.8243324995298801
set of 10 lanterns fairy light star,2384.9700000000003,8496355.370000007,0.8245639588108548
12 pencils tall tube red retrospot,2382.46,8498737.830000008,0.8247951744984949
12 egg house painted wood,2378.52,8501116.350000007,0.825026007812534
classic bicycle clips,2378.4799999999996,8503494.830000008,0.8252568372446075
hanging heart with bell,2376.0499999999997,8505870.880000008,0.8254874308472776
set 20 napkins fairy cakes design,2375.44,8508246.320000008,0.8257179652499738
bicycle saftey wall art,2371.94,8510618.260000007,0.8259481599806894
le jardin botanique cushion cover,2371.25,8512989.510000007,0.8261782877475004
tea time teapot in gift box,2360.68,8515350.190000007,0.82640738970493
small red retrospot mug in box,2358.15,8517708.340000007,0.8266362461280424
skulls and crossbones wrap,2356.0,8520064.340000007,0.8268648938955097
rustic mirror with lace heart,2354.87,8522419.210000006,0.8270934319974516
heart mirror antique white,2354.8,8524774.010000007,0.8273219633059541
heads and tails sporting fun,2351.44,8527125.450000007,0.8275501685293551
enamel colander cream,2346.1200000000003,8529471.570000006,0.8277778574513458
50's christmas gift bag large,2343.63,8531815.200000007,0.8280053047209848
big doughnut fridge magnets,2334.94,8534150.140000006,0.8282319086336204
36 pencils tube woodland,2331.14,8536481.280000007,0.8284581437595345
wrap pink fairy cakes,2331.0,8538812.280000007,0.8286843652985694
sweetheart wire wall tidy,2315.33,8541127.610000007,0.8289090660776227
ribbon reel making snowmen,2315.25,8543442.860000007,0.8291337590927452
red gingham teddy bear,2314.7400000000002,8545757.600000007,0.8293584026128076
set 36 colour pencils spaceboy,2313.53,8548071.130000006,0.8295829287034138
assorted colour t-light holder,2304.8300000000004,8550375.960000006,0.8298066104665256
pack of 12 suki tissues,2304.14,8552680.100000007,0.8300302252657328
grow your own basil in enamel mug,2301.31,8554981.410000008,0.8302535654158814
decorative wicker heart medium,2299.47,8557280.880000008,0.8304767269956173
hanging jam jar t-light holders,2298.0499999999997,8559578.930000009,0.8306997507655782
cacti t-light candles,2292.34,8561871.270000009,0.8309222203849652
slate tile natural hanging,2291.4399999999996,8564162.710000008,0.8311446026601286
chocolate box ribbons,2284.36,8566447.070000008,0.8313662978273999
drawer knob crackle glaze green,2284.12,8568731.190000007,0.8315879697028783
garland with stars and bells,2280.4700000000003,8571011.660000008,0.8318092873490056
potting shed twine,2279.09,8573290.750000007,0.8320304710673234
sketchbook magnetic shopping list,2274.0,8575564.750000007,0.8322511608055324
blue coat rack paris fashion,2266.1600000000003,8577830.910000008,0.832471089678505
card billboard font,2261.6,8580092.510000007,0.8326905760074116
polyester filler pad 40x40cm,2256.2,8582348.710000006,0.8329095382709766
vintage billboard tea mug,2251.77,8584600.480000006,0.8331280706068636
swallows greeting card,2247.97,8586848.450000007,0.8333462341560288
vintage red enamel trim jug,2246.61,8589095.060000006,0.8335642657183672
small parisienne heart photo frame,2244.2200000000003,8591339.280000007,0.8337820653332676
toadstool bedside light,2243.35,8593582.630000006,0.8339997805154185
hanging mini coloured bottles,2237.71,8595820.340000007,0.8342169483404351
pack of 20 skull paper napkins,2235.65,8598055.990000008,0.8344339162442289
strawberry raffia food cover,2228.09,8600284.080000008,0.8346501504565447
christmas retrospot angel wood,2222.3799999999997,8602506.460000008,0.8348658305182866
key ring baseball boot union jack,2220.37,8604726.830000008,0.8350813155112623
birdhouse garden marker,2218.12,8606944.950000007,0.8352965821436792
ceramic cake design spotted mug,2214.08,8609159.030000007,0.8355114566975814
classic french style basket natural,2213.42,8611372.450000007,0.8357262671990531
letter holder home sweet home,2207.86,8613580.310000006,0.8359405381073214
red retrospot apron,2205.4700000000003,8615785.780000007,0.8361545770681515
heart wooden christmas decoration,2202.14,8617987.920000007,0.8363682928553546
"key fob , shed",2201.07,8620188.990000008,0.8365819047999807
kneeling mat housework  design,2194.62,8622383.610000007,0.8367948907776711
rocking horse red christmas,2191.43,8624575.040000007,0.8370075671686137
key cabinet ma campagne,2186.27,8626761.310000006,0.8372197427860077
vintage christmas gift bag large,2182.39,8628943.700000007,0.8374315418527492
6 chocolate love heart t-lights,2179.6600000000003,8631123.360000007,0.8376430759753457
ice cream bubbles,2177.8399999999997,8633301.200000007,0.8378544334685124
kings choice biscuit tin,2175.04,8635476.240000006,0.8380655192240947
pack of 6 sandcastle flags assorted,2173.0499999999997,8637649.290000007,0.8382764118518937
bottle bag retrospot,2171.53,8639820.820000006,0.8384871569650041
wrap red apples,2168.76,8641989.580000006,0.8386976332520041
noel wooden block letters,2165.65,8644155.230000006,0.8389078077161872
retrospot cigar box matches,2164.46,8646319.690000007,0.839117866691897
3d vintage christmas stickers,2162.75,8648482.440000007,0.8393277597135819
drawer knob crackle glaze pink,2162.2,8650644.640000006,0.8395375993582412
woodland  height chart stickers,2160.0,8652804.640000006,0.8397472254947986
pizza plate in box,2158.06,8654962.700000007,0.8399566633560297
herb marker basil,2155.94,8657118.640000006,0.8401658954730895
toilet metal sign,2155.8900000000003,8659274.530000007,0.8403751227376927
set/6 purple butterfly t-lights,2149.4,8661423.930000007,0.8405837201533948
card holder gingham heart,2149.31,8663573.240000008,0.8407923088346745
drawer knob crackle glaze blue,2148.5299999999997,8665721.770000007,0.8410008218176269
travel card wallet i love london,2147.55,8667869.320000008,0.8412092396924251
children's circus parade mug,2145.91,8670015.230000008,0.8414174984066379
regency cake fork,2145.3,8672160.530000009,0.8416256979208772
wrap vintage leaf design,2140.92,8674301.450000009,0.8418334723598949
star wreath decoration with bell,2139.67,8676441.120000008,0.842041125487491
chinese dragon paper lanterns,2136.34,8678577.460000008,0.84224845544146
strawberry ceramic trinket pot,2133.7200000000003,8680711.180000009,0.8424555311266892
sewing box retrospot design,2132.44,8682843.620000008,0.8426624825890228
party cones candy assorted,2127.53,8684971.150000008,0.8428689575400921
ceramic cake bowl + hanging cakes,2126.3900000000003,8687097.540000008,0.843075321855145
tea for one polkadot,2125.18,8689222.720000008,0.8432815687407417
pompom curtain,2124.15,8691346.870000008,0.8434877156657271
wooden regatta bunting,2121.9900000000002,8693468.860000009,0.8436936529645759
pack of 12 red retrospot tissues,2121.7599999999998,8695590.620000008,0.8438995679421231
heart decoration with pearls,2114.83,8697705.450000009,0.8441048103691488
red metal beach spade,2114.64,8699820.09000001,0.8443100343568385
paper lantern 9 point deluxe star,2111.4900000000002,8701931.58000001,0.8445149526397456
funky washing up gloves assorted,2108.7200000000003,8704040.30000001,0.8447196020965426
red spot gift bag large,2107.42,8706147.72000001,0.8449241253894609
wrap poppies  design,2105.5,8708253.22000001,0.8451284623480357
"fancy font birthday card,",2101.0099999999998,8710354.23000001,0.8453323635559841
travel card wallet vintage ticket,2099.97,8712454.20000001,0.8455361638328297
ivory sweetheart wire letter rack,2095.65,8714549.85000001,0.8457395448574021
3d traditional christmas stickers,2095.08,8716644.93000001,0.8459428705639663
ceramic strawberry design mug,2094.24,8718739.170000011,0.8461461147492552
ivory refectory clock,2094.24,8720833.410000011,0.846349358934544
vintage red enamel trim mug,2092.0,8722925.410000011,0.8465523857297653
make your own monsoon card kit,2091.5400000000004,8725016.95000001,0.8467553678823834
set 12 lavender  botanical t-lights,2089.64,8727106.590000011,0.8469581656416406
christmas gingham star,2087.3399999999997,8729193.93000001,0.8471607401878821
poppy's playhouse bathroom,2087.15,8731281.080000011,0.8473632962947876
mini cake stand  hanging strawbery,2086.49,8733367.570000011,0.8475657883492624
dog licence wall art,2081.64,8735449.210000012,0.8477678097154214
set 8 candles vintage doily,2079.85,8737529.060000012,0.8479696573636245
soap dish brocante,2076.63,8739605.690000013,0.8481711925136056
set 36 colouring pencils doily,2076.6,8741682.290000012,0.8483727247521126
village show wall art,2072.42,8743754.710000012,0.8485738513252256
white brocante soap dish,2070.9,8745825.610000012,0.84877483038365
36 foil star cake cases,2070.15,8747895.760000013,0.8489757366552214
filigree heart butterfly white,2070.06,8749965.820000013,0.8491766341923705
baking mould rose milk chocolate,2066.82,8752032.640000014,0.8493772172903148
glass  songbird storage jar,2065.14,8754097.780000014,0.8495776373457083
dolly girl childrens cup,2060.28,8756158.060000014,0.8497775857422946
t-light holder hanging love bird,2055.27,8758213.330000013,0.849977047922703
mirror mosaic votive holder,2053.17,8760266.500000013,0.8501763062999231
english rose garden secateurs,2049.45,8762315.950000012,0.8503752036543524
key ring baseball boot assorted,2044.58,8764360.530000012,0.8505736283794831
union jack flag passport cover,2043.79,8766404.320000011,0.8507719764357954
doormat neighbourhood witch,2038.39,8768442.710000012,0.8509698004267663
ivory embroidered quilt,2038.0900000000001,8770480.800000012,0.851167595302996
green polkadot bowl,2032.48,8772513.280000012,0.8513648457335655
ribbon reel polkadots,2028.23,8774541.510000013,0.8515616837053016
white wire egg holder,2027.74,8776569.250000013,0.8517584741229604
brocante coat rack,2025.96,8778595.210000014,0.8519550917931548
metal sign empire tea,2020.91,8780616.120000014,0.8521512193652058
set of 2 ceramic christmas reindeer,2019.59,8782635.710000014,0.8523472188323955
"feather pen,hot pink",2018.78,8784654.490000013,0.852543139689784
oven mitt apples design,2016.0,8786670.490000013,0.8527387907505708
keep calm wall art,2015.97,8788686.460000014,0.8529344388998836
wrap christmas village,2014.42,8790700.880000014,0.8531299366230336
dolly girl childrens bowl,2013.7,8792714.580000013,0.8533253644708045
easter tin bunny bouquet,2012.9699999999998,8794727.550000014,0.8535207214727055
vintage union jack cushion cover,2012.3400000000001,8796739.890000014,0.8537160173336499
hot stuff hot water bottle,2012.13,8798752.020000014,0.8539112928142755
glass jar digestive biscuits,2010.17,8800762.190000014,0.8541063780785919
storage tin vintage leaf,2010.13,8802772.320000015,0.8543014594609429
cabin bag vintage paisley,2010.12,8804782.440000014,0.8544965398728024
star t-light holder willie winkie,2009.9499999999998,8806792.390000014,0.8546916037863086
small deco jewellery stand,2005.81,8808798.200000014,0.8548862659163865
cosy hour cigar box matches,2001.1399999999999,8810799.340000015,0.8550804748269931
red star card holder,1997.48,8812796.820000015,0.8552743285377574
yellow giant garden thermometer,1993.75,8814790.570000015,0.8554678202552394
hot water bottle sex bomb,1993.6000000000001,8816784.170000015,0.8556612974153508
ocean scent candle in jewelled box,1993.48,8818777.650000015,0.8558547629295659
small marshmallows pink bowl,1991.36,8820769.010000015,0.8560480226996098
wooden tree christmas scandinavian,1988.8899999999999,8822757.900000015,0.8562410427582846
mini cake stand with hanging cakes,1986.24,8824744.140000015,0.8564338056367455
baking mould toffee cup chocolate,1985.5800000000002,8826729.720000016,0.8566265044627759
fairy tale cottage night light,1981.29,8828711.010000015,0.8568187869480072
watering can garden marker,1980.4,8830691.410000015,0.8570109830595064
sandalwood fan,1979.4899999999998,8832670.900000015,0.8572030908562907
charlie+lola red hot water bottle,1977.79,8834648.690000014,0.8573950336695414
set 12 retro white chalk sticks,1973.9099999999999,8836622.600000015,0.8575865999321395
baking mould heart white chocolate,1968.4,8838591.000000015,0.8577776314539911
jazz hearts purse notebook,1965.81,8840556.810000015,0.8579684116185772
red spot paper gift bag,1962.83,8842519.640000015,0.8581589025767341
office mug warmer polkadot,1962.2900000000002,8844481.930000015,0.8583493411283568
filigree heart bird white,1960.0,8846441.930000015,0.8585395574374551
zinc t-light holder star large,1956.6799999999998,8848398.610000014,0.8587294515434176
hanging chick cream decoration,1946.62,8850345.230000013,0.8589183693350588
3 tier sweetheart garden shelf,1938.2500000000002,8852283.480000013,0.859106474825421
metal sign neighbourhood witch,1938.15,8854221.630000014,0.8592945706108696
set of 4 napkin charms hearts,1937.7099999999998,8856159.340000015,0.8594826236946976
set of 16 vintage sky blue cutlery,1931.1699999999998,8858090.510000015,0.8596700420771678
wrap doiley design,1927.26,8860017.770000014,0.859857080997511
white bell honeycomb paper,1924.9399999999998,8861942.710000014,0.8600438947638558
le grand tray chic set,1924.92,8863867.630000014,0.8602307065892177
frying pan red retrospot,1923.59,8865791.220000014,0.8604173893392272
set/3 rose candle in jewelled box,1916.1399999999999,8867707.360000014,0.8606033490731638
cake stand victorian filigree med,1916.01,8869623.370000014,0.8607892961907125
knickerbockerglory magnet assorted,1914.7299999999998,8871538.100000015,0.8609751190853656
swiss roll towel pink  spots,1913.6899999999998,8873451.790000014,0.8611608410489158
apple bath sponge,1913.67,8875365.460000014,0.8613465610714832
feltcraft boy jean-paul kit,1909.51,8877274.970000014,0.8615318773696395
dairy maid large milk jug,1908.88,8879183.850000015,0.8617171325268393
christmas gingham tree,1905.7699999999998,8881089.620000014,0.8619020858612222
aluminium stamped heart,1902.19,8882991.810000014,0.8620866917596934
vintage jingle bells heart,1897.76,8884889.570000013,0.8622708677304866
white jewelled heart decoration,1897.4499999999998,8886787.020000013,0.8624550136160469
wrap 50's  christmas,1892.46,8888679.480000013,0.8626386752264125
3 raffia ribbons 50's christmas,1892.07,8890571.550000014,0.8628222989876144
vintage billboard love/hate mug,1890.33,8892461.880000014,0.8630057538833175
parlour ceramic wall hook,1889.7500000000002,8894351.630000014,0.8631891524905208
poste france cushion cover,1888.9,8896240.530000014,0.8633724686059575
set of 3 coloured  flying ducks,1888.1000000000001,8898128.630000014,0.8635557070820843
retrospot wooden heart decoration,1887.9799999999998,8900016.610000014,0.8637389339123147
pink polkadot garden parasol,1885.27,8901901.880000014,0.8639218977393829
12 pencils tall tube skulls,1884.9199999999998,8903786.800000014,0.8641048275992531
tea party birthday card,1883.79,8905670.590000013,0.8642876477935981
magic drawing slate spaceboy,1871.12,8907541.710000012,0.8644692383753736
large popcorn holder,1870.9099999999999,8909412.620000012,0.8646508085768303
vintage glass t-light holder,1870.86,8911283.480000012,0.8648323739258301
easter tin keepsake,1865.7299999999998,8913149.210000012,0.8650134414127557
love heart pocket warmer,1865.6299999999999,8915014.840000013,0.8651944991947675
set/3 ocean scent candle jewel box,1863.87,8916878.710000012,0.8653753861702976
pack of 6 skull paper plates,1862.75,8918741.460000012,0.8655561644507941
i can only please one person mug,1861.46,8920602.920000013,0.8657368175379034
cake stand lovebird 2 tier white,1859.2,8922462.120000012,0.8659172512939624
enamel fire bucket cream,1854.76,8924316.880000012,0.8660972541518518
christmas metal postcard with bells,1843.64,8926160.520000013,0.8662761778233345
set of 6 funky beakers,1843.6100000000001,8928004.130000012,0.866455098583343
pack of 12 50's christmas tissues,1842.42,8929846.550000012,0.8666339038548782
card dolly girl,1842.36,8931688.910000011,0.866812703303465
rex cash+carry jumbo shopper,1842.05,8933530.960000012,0.8669914726668195
if you can't stand the heat mug,1838.05,8935369.010000013,0.8671698538336248
gentleman shirt repair kit,1837.4699999999998,8937206.480000013,0.8673481787119305
citronella candle flowerpot,1836.64,8939043.120000014,0.8675264230394522
fairy cake design umbrella,1832.42,8940875.540000014,0.8677042578196144
pink  heart shape love bucket,1831.6200000000001,8942707.160000013,0.8678820149604667
measuring tape babushka pink,1831.1100000000001,8944538.270000013,0.868059722606259
led tea lights,1829.65,8946367.920000013,0.868237288560311
red paper parasol,1822.71,8948190.630000014,0.8684141809933502
cake plate lovebird pink,1821.6100000000001,8950012.240000013,0.8685909666723381
frying pan pink polkadot,1809.48,8951821.720000014,0.8687665751452909
regency tea spoon,1809.48,8953631.200000014,0.8689421836182436
lavender scented fabric heart,1809.33,8955440.530000014,0.8691177775338258
set of 4 fairy cake placemats,1808.75,8957249.280000014,0.8692933151609082
magic drawing slate purdey,1805.21,8959054.490000015,0.8694685092340447
3 rose morris boxed candles,1805.0,8960859.490000015,0.8696436829268623
chocolate calculator,1799.9999999999998,8962659.490000015,0.8698183713739934
green polkadot plate,1792.27,8964451.760000015,0.8699923096312933
rose 3 wick morris box candle,1787.88,8966239.640000015,0.8701658218428805
blue refectory clock,1787.4099999999999,8968027.050000016,0.8703392884413731
tool box soft toy,1782.54,8969809.590000015,0.8705122824105669
brocante shelf with hooks,1781.82,8971591.410000015,0.8706852065043821
miniature antique rose hook ivory,1779.6599999999999,8973371.070000015,0.8708579209720606
wrap i love london,1774.42,8975145.490000015,0.8710301269022598
monsters stencil craft,1773.3700000000001,8976918.860000014,0.8712022309308646
tea time table cloth,1769.25,8978688.110000014,0.8713739351170239
basket of toadstools,1767.15,8980455.260000015,0.871545435499995
set of 4 english rose coasters,1767.05,8982222.310000015,0.8717169261780523
peace wooden block letters,1766.57,8983988.880000016,0.8718883702725236
doctor's bag soft toy,1765.3999999999999,8985754.280000016,0.8720597008195045
office mug warmer choc+blue,1762.0700000000002,8987516.350000016,0.872230708192858
petit tray chic,1759.7899999999997,8989276.140000015,0.8724014942941783
dog bowl vintage cream,1757.8799999999999,8991034.020000016,0.8725720950316468
retrospot small tube matches,1754.8999999999999,8992788.920000017,0.8727424065626859
set of 12 t-lights vintage doily,1753.36,8994542.280000016,0.8729125686380536
set 36 colour pencils dolly girl,1752.79,8996295.070000015,0.8730826753954128
home sweet home hanging heart,1752.35,8998047.420000015,0.8732527394511519
garland with hearts and bells,1751.22,8999798.640000015,0.8734226938413658
strawberry bath sponge,1749.18,9001547.820000015,0.8735924502513396
silver stars table decoration,1744.61,9003292.430000015,0.8737617631467558
12 pencils tall tube woodland,1742.27,9005034.700000014,0.8739308489471909
set of 16 vintage red cutlery,1736.35,9006771.050000014,0.8740993602167332
bull dog bottle top wall clock,1733.57,9008504.620000014,0.8742676016896738
dinosaurs  writing set,1728.6399999999999,9010233.260000015,0.8744353647103676
party charms 50 pieces,1727.75,9011961.010000015,0.8746030413573291
set of 16 vintage black cutlery,1722.74,9013683.750000015,0.8747702317881129
kings choice giant tube matches,1721.85,9015405.600000015,0.8749373358451644
dairy maid stripe mug,1721.0900000000001,9017126.690000014,0.8751043661448715
wheelbarrow for children,1720.26,9018846.950000014,0.8752713158937948
set of 12  vintage postcard set,1719.8400000000001,9020566.790000014,0.8754382248820803
georgian trinket box,1719.0,9022285.790000014,0.8756050523490905
mini jigsaw spaceboy,1716.1799999999998,9024001.970000014,0.8757716061375336
s/4 pink flower candles in bowl,1715.8999999999999,9025717.870000014,0.8759381327522182
robot birthday card,1715.48,9027433.350000015,0.8761046186062652
hanging heart mirror decoration,1708.0700000000002,9029141.420000015,0.8762703853262048
baking mould easter egg white choc,1707.47,9030848.890000015,0.8764360938166621
card motorbike santa,1706.8799999999999,9032555.770000016,0.8766017450481284
set 12 kids  white chalk sticks,1704.03,9034259.800000016,0.8767671196895532
french toilet sign blue metal,1697.72,9035957.520000016,0.8769318819509219
multicolour spring flower mug,1695.86,9037653.380000016,0.8770964637008951
afghan slipper sock pair,1690.5500000000002,9039343.930000016,0.8772605301199493
skulls  water transfer tattoos,1690.23,9041034.160000017,0.8774245654832796
t-light holder sweetheart hanging,1688.22,9042722.380000018,0.877588405777844
wrap suki and friends,1687.5,9044409.880000018,0.8777521761970294
skull and crossbones  garland,1686.4999999999998,9046096.380000018,0.8779158495670776
set 12 colour pencils dolly girl,1681.5,9047777.880000018,0.8780790376914392
jingle bell heart antique gold,1680.48,9049458.360000018,0.8782421268256809
skulls party bag + sticker set,1679.6499999999999,9051138.010000018,0.8784051354091386
lipstick pen red,1676.8799999999999,9052814.89000002,0.878567875166486
red coat rack paris fashion,1673.15,9054488.04000002,0.8787302529305513
heart decoration painted zinc,1672.7900000000002,9056160.830000019,0.878892595756927
6 ribbons empire,1669.5299999999997,9057830.360000018,0.8790546222031153
blue polkadot garden parasol,1668.49,9059498.850000018,0.8792165477182007
save the planet cotton tote bag,1664.8999999999999,9061163.750000019,0.8793781248268833
woodland design  cotton tote bag,1664.51,9062828.260000018,0.8795396640864023
pink hanging heart t-light holder,1664.16,9064492.420000019,0.8797011693787233
playing cards i love london,1660.04,9066152.460000018,0.8798622748285985
set of 2 ceramic painted hearts,1659.37,9067811.830000017,0.8800233152555518
daisy garden marker,1658.57,9069470.400000017,0.8801842780431953
charlie + lola biscuits tins,1657.87,9071128.270000016,0.8803451728964425
sunset check hammock,1657.42,9072785.690000016,0.8805060240775782
cat bowl vintage cream,1655.96,9074441.650000017,0.8806667335669734
pack of 12 woodland tissues,1655.36,9076097.010000017,0.8808273848268862
"swiss roll towel, chocolate  spots",1652.27,9077749.280000016,0.8809877362049646
hanging  butterfly t-light holder,1651.36,9079400.640000015,0.8811479992683281
silver record cover frame,1649.6399999999999,9081050.280000016,0.8813080954071756
heart t-light holder willie winkie,1649.0499999999997,9082699.330000017,0.8814681342870322
heart decoration rustic hanging,1647.16,9084346.490000017,0.8816279897440191
childrens toy cooking utensil set,1642.13,9085988.620000018,0.8817873570438456
3 white choc morris boxed candles,1642.07,9087630.690000018,0.8819467185207237
hen house decoration,1641.62,9089272.310000017,0.8821060363254899
airline bag vintage jet set brown,1639.29,9090911.600000016,0.8822651280057663
set 12 colouring pencils doily,1638.7,9092550.300000016,0.8824241624270517
angel decoration 3 buttons,1638.35,9094188.650000015,0.882583162881139
spaceboy tv dinner tray,1636.27,9095824.920000015,0.8827419614730208
folkart star christmas decorations,1634.9199999999998,9097459.840000015,0.8829006290485673
sweetheart wire fruit bowl,1631.58,9099091.420000015,0.8830589724799951
i love london mini backpack,1628.17,9100719.590000015,0.8832169849738648
pencil case life is beautiful,1624.7600000000002,9102344.350000015,0.8833746665301764
spaceboy childrens egg cup,1624.63,9103968.980000015,0.8835323354701001
tv dinner tray vintage paisley,1623.04,9105592.020000014,0.8836898501018955
fairy cake birthday candle set,1622.24,9107214.260000015,0.883847287094381
folding umbrella red/white polkadot,1621.76,9108836.020000014,0.8840046775032806
wall mirror rectangle diamante pink,1614.4,9110450.420000015,0.8841613536305298
laurel heart antique silver,1613.82,9112064.240000015,0.8843179734692794
red vintage spot beaker,1613.59,9113677.830000015,0.8844745709867273
strawberry honeycomb  garland,1610.9199999999998,9115288.750000015,0.8846309093829787
lads only tissue box,1610.41,9116899.160000015,0.8847871982841701
french laundry sign blue metal,1610.35,9118509.510000015,0.8849434813624132
hanging chick  yellow decoration,1608.86,9120118.370000014,0.8850996198374417
skull design tv dinner tray,1605.67,9121724.040000014,0.8852554487257223
metal decoration naughty children,1604.99,9123329.030000014,0.8854112116205894
coffee mug pink paisley design,1604.58,9124933.610000014,0.8855669347253105
red polkadot beaker,1603.77,9126537.380000014,0.8857225792202301
white tall porcelain t-light holder,1601.21,9128138.590000015,0.8858779752693584
filigree heart daisy white,1596.67,9129735.260000015,0.8860329307154033
round storage tin vintage leaf,1593.58,9131328.840000015,0.886187586279614
magnets pack of 4 swallows,1589.51,9132918.350000015,0.8863418468538359
silk purse babushka pink,1587.3000000000002,9134505.650000015,0.8864958929494644
vintage union jack pennant,1586.75,9136092.400000015,0.8866498856680674
pack of 12 skull tissues,1583.4099999999999,9137675.810000015,0.8868035542425518
polyester filler pad 45x45cm,1582.55,9139258.360000016,0.8869571393547782
set 36 colour pencils love london,1581.06,9140839.420000017,0.8871105798637899
french blue metal door sign 1,1580.89,9142420.310000017,0.8872640038744485
balloon pump with 10 balloons,1580.16,9144000.470000017,0.8874173570392366
dairy maid traditional teapot,1578.42,9145578.890000017,0.887570541338526
cherry blossom  decorative flask,1576.96,9147155.850000018,0.8877235839460749
wood stamp set thank you,1576.4699999999998,9148732.320000019,0.8878765789995465
emergency first aid tin,1573.52,9150305.840000018,0.888029287758063
pack of 6 handbag gift boxes,1572.9499999999998,9151878.790000018,0.8881819411985712
cowboys and indians birthday card,1572.28,9153451.070000017,0.8883345296161574
cream felt easter egg basket,1572.2299999999998,9155023.300000018,0.8884871131812869
rococo wall mirror white,1567.1399999999999,9156590.440000018,0.8886392027663076
paper chain kit skulls,1566.99,9158157.430000018,0.8887912777939576
vintage seaside jigsaw puzzles,1565.83,9159723.260000018,0.8889432402446084
office mug warmer pink,1564.8300000000002,9161288.090000018,0.8890951056461218
snowflake portable table light,1563.5500000000002,9162851.64000002,0.8892468468247395
small heart flowers hook,1561.6999999999998,9164413.340000018,0.8893984084624532
card christmas village,1560.48,9165973.820000019,0.8895498517002195
french kitchen sign blue metal,1558.91,9167532.73000002,0.8897011425708401
red retrospot purse,1546.2700000000002,9169079.000000019,0.8898512067403653
heart calculator,1545.59,9170624.590000018,0.8900012049164773
pantry pastry brush,1545.02,9172169.610000018,0.8901511477745808
christmas retrospot star wood,1544.9299999999998,9173714.540000018,0.8903010818982621
five heart hanging decoration,1541.6200000000001,9175256.160000017,0.8904506947892988
potting shed rose candle,1541.11,9176797.270000016,0.8906002581852756
blue owl soft toy,1539.8300000000002,9178337.100000016,0.8907496973583566
tv dinner tray dolly girl,1536.91,9179874.010000017,0.8908988531479568
3d christmas stamps stickers,1536.24,9181410.250000017,0.891047943914635
set of 4 santa place settings,1531.95,9182942.200000016,0.8911966183405141
multicolour honeycomb paper garland,1531.1399999999999,9184473.340000017,0.8913452141565922
regency mirror with shutters,1530.0,9186003.340000017,0.8914936993366537
romantic pinks ribbons,1520.65,9187523.990000017,0.8916412771072815
ant white wire heart spiral,1519.63,9189043.620000018,0.8917887558877892
magic drawing slate dolly girl,1517.72,9190561.340000018,0.8919360493044447
mirror cornice,1515.68,9192077.020000018,0.8920831447408601
disco ball christmas decoration,1512.92,9193589.940000018,0.8922299723216566
eucalyptus & pinecone  wreath,1511.2600000000002,9195101.200000018,0.8923766388008851
cardholder gingham christmas tree,1509.41,9196610.610000018,0.8925231257392097
tv dinner tray air hostess,1506.97,9198117.580000019,0.8926693758776393
love large wood letters,1505.96,9199623.54000002,0.8928155279964403
calendar in season design,1505.24,9201128.78000002,0.8929616102398623
vintage red trim enamel bowl,1501.03,9202629.81000002,0.8931072839064162
classic french style basket green,1497.72,9204127.53000002,0.8932526363403259
folding butterfly mirror hot pink,1496.07,9205623.60000002,0.893397828643159
faux fur chocolate throw,1494.69,9207118.29000002,0.8935428870181825
ivory wicker heart small,1491.75,9208610.04000002,0.8936876600687425
polkadot coffee cup & saucer pink,1489.01,9210099.05000002,0.8938321672046662
woodland bunnies lolly makers,1488.65,9211587.70000002,0.8939766394029005
mouse toy with pink t-shirt,1486.18,9213073.88000002,0.8941208718897656
christmas table silver candle spike,1486.1,9214559.98000002,0.8942650966126998
spaceboy rocket lolly makers,1485.43,9216045.410000019,0.8944092563127121
hanging fairy cake decoration,1484.3,9217529.71000002,0.8945533063471992
skulls writing set,1484.1299999999999,9219013.84000002,0.894697339883333
dinosaur keyrings assorted,1483.4199999999998,9220497.26000002,0.8948413045145792
milk pan red retrospot,1483.13,9221980.390000021,0.8949852410015757
4 vanilla botanical candles,1481.4,9223461.790000021,0.8951290095935647
12 ivory rose peg place settings,1478.1,9224939.890000021,0.8952724579234005
flower vine raffia food cover,1477.82,9226417.710000021,0.895415879079478
toy tidy dolly girl design,1472.85,9227890.560000021,0.895558817901343
drawer knob ceramic black,1466.07,9229356.630000021,0.8957010987300572
set 12 colour pencils love london,1464.38,9230821.010000022,0.8958432155457294
card i love london,1462.56,9232283.570000023,0.8959851557319718
bag 500g swirly marbles,1462.1699999999998,9233745.740000023,0.8961270580690505
danish rose photo frame,1461.6,9235207.340000022,0.896268905088121
card holder love bird large,1460.5,9236667.840000022,0.8964106453531404
glamorous  mug,1459.98,9238127.820000023,0.8965523351526085
charlie lola blue hot water bottle,1457.0,9239584.820000023,0.8966937357456474
pink paper parasol,1456.72,9241041.540000023,0.8968351091649279
apron apple delight,1456.69,9242498.230000023,0.8969764796727342
wicker wreath large,1456.4499999999998,9243954.680000022,0.8971178268887475
red enchanted forest placemat,1454.8799999999999,9245409.560000023,0.8972590217376155
savoy art deco clock,1453.5800000000002,9246863.140000023,0.8974000904226049
set of 4 rose botanical candles,1451.99,9248315.130000023,0.897541004799466
large white honeycomb paper bell,1451.82,9249766.950000023,0.8976819026779738
zinc  star t-light holder,1445.18,9251212.130000023,0.8978221561502098
french enamel pot w lid,1436.5300000000002,9252648.660000023,0.8979615701474082
beaded chandelier t-light holder,1435.8200000000002,9254084.480000023,0.8981009152397192
cake stand victorian filigree small,1430.48,9255514.960000023,0.8982397420896372
ice cream design garden parasol,1429.82,9256944.780000024,0.8983785048871245
silver mug bone china tree of life,1428.57,9258373.350000024,0.8985171463731901
vintage red enamel trim plate,1426.1,9259799.450000023,0.8986555481478865
fridge magnets us diner assorted,1422.8999999999999,9261222.350000024,0.8987936393653437
cast iron hook garden fork,1421.83,9262644.180000024,0.898931626740224
brown check cat doorstop,1421.11,9264065.290000023,0.8990695442397253
english rose notebook a7 size,1420.96,9265486.250000024,0.8992074471818562
hanging hen on nest decoration,1420.4699999999998,9266906.720000025,0.8993453025699099
circus parade childrens egg cup,1420.26,9268326.980000025,0.8994831375776445
"feather pen,coal black",1415.9199999999998,9269742.900000025,0.8996205513921234
card birthday cowboy,1415.73,9271158.630000025,0.8997579467672662
swallow wooden christmas decoration,1415.31,9272573.940000026,0.8998953013817713
home small wood letters,1413.8400000000001,9273987.780000025,0.9000325133340445
magic drawing slate circus parade,1413.25,9275401.030000025,0.9001696680273268
"airline lounge,metal sign",1412.27,9276813.300000025,0.9003067276124544
12 coloured party balloons,1412.16,9278225.460000025,0.9004437765221771
assorted bottle top  magnets,1406.42,9279631.880000025,0.9005802683698516
pack of 6 large fruit straws,1402.32,9281034.200000025,0.9007163623160632
ivory chandelier t-light holder,1401.43,9282435.630000025,0.9008523698885427
woodland storage box large,1401.02,9283836.650000025,0.9009883376708757
grow your own herbs set of 3,1399.69,9285236.340000024,0.9011241763778562
empire gift wrap,1394.5,9286630.840000024,0.9012595113998142
set of 4 diamond napkin rings,1393.79,9288024.630000023,0.9013947775168847
red retrospot pudding bowl,1392.21,9289416.840000024,0.9015298902963184
rose scent candle in jewelled box,1392.19,9290809.030000024,0.9016650011347691
pack of 12 vintage christmas tissue,1389.59,9292198.620000023,0.9017998596454629
gin & tonic diet greeting card,1389.22,9293587.840000024,0.901934682247976
set/4 spring flower decoration,1389.08,9294976.920000024,0.9020694912636099
french blue metal door sign 2,1389.07,9296365.990000024,0.9022042993087523
ceramic bowl with strawberry design,1388.1000000000001,9297754.090000024,0.9023390132162317
small white retrospot mug in box,1388.05,9299142.140000025,0.9024737222712541
ribbon reel socks and mittens,1387.46,9300529.600000026,0.9026083740672857
pig keyring with light & sound,1386.97,9301916.570000026,0.9027429783092399
vintage billboard drink me mug,1385.28,9303301.850000026,0.902877418538152
glass jar marmalade,1383.75,9304685.600000026,0.903011710281884
set/10 ivory polkadot party candles,1383.34,9306068.940000026,0.9031459622354697
pens assorted spaceball,1381.78,9307450.720000025,0.9032800627924013
ivory cafe hanging lamp,1380.42,9308831.140000025,0.9034140313625061
glitter heart garland with bells,1379.72,9310210.860000025,0.9035479319982149
zinc box sign home,1378.75,9311589.610000025,0.9036817384962605
wrap paisley park,1375.5,9312965.110000025,0.9038152295846099
wall art village show,1369.71,9314334.820000026,0.9039481587584544
travel card wallet transport,1369.12,9315703.940000026,0.9040810306733077
set of 6 3d kit cards for kids,1368.75,9317072.690000026,0.9042138666799804
coffee mug blue paisley design,1368.18,9318440.870000025,0.9043466473686447
card circus parade,1365.95,9319806.820000025,0.9044792116377328
36 doilies dolly girl,1365.29,9321172.110000024,0.9046117118543904
reindeer heart decoration silver,1363.87,9322535.980000023,0.9047440742612729
set of 3 babushka stacking tins,1361.25,9323897.230000023,0.9048761823994158
paper chain kit london,1361.0400000000002,9325258.270000022,0.9050082701572398
card holder love bird small,1355.24,9326613.510000022,0.9051397950300676
red retrospot shopping bag,1353.6899999999998,9327967.200000022,0.9052711694767326
small red babushka notebook,1352.1699999999998,9329319.370000022,0.9054023964087088
medina stamped metal stool,1351.64,9330671.010000022,0.9055335719046423
4 lavender botanical dinner candles,1349.17,9332020.180000022,0.9056645076892067
lipstick pen fuschia,1347.52,9333367.700000022,0.9057952833426945
magnets pack of 4 childhood memory,1347.08,9334714.780000022,0.905926016294562
pack of 6 skull paper cups,1346.65,9336061.430000022,0.9060567075153004
herb marker rosemary,1344.77,9337406.200000022,0.9061872162836607
red retrospot storage jar,1343.64,9338749.840000022,0.9063176153864959
yellow coat rack paris fashion,1342.39,9340092.230000023,0.9064478931779095
hanging chick green decoration,1341.6699999999998,9341433.900000023,0.9065781010939442
jungle popsicles ice lolly moulds,1341.3700000000001,9342775.270000022,0.9067082798952376
wrap vintage petals  design,1338.0,9344113.270000022,0.9068381316409384
vintage union jack doorstop,1337.51,9345450.780000022,0.906967935832562
red retrospot big bowl,1336.78,9346787.560000021,0.9070976691783151
wall art vintage heart,1334.49,9348122.050000021,0.907227180281544
ceramic pirate chest money bank,1333.75,9349455.800000021,0.9073566195684114
make your own playtime card kit,1333.21,9350789.010000022,0.9074860064487447
glass jar peacock bath salts,1329.44,9352118.450000022,0.9076150274538302
charlie & lola wastepaper bin flora,1323.37,9353441.82000002,0.9077434593706523
home sweet home 2 drawer cabinet,1321.38,9354763.200000022,0.9078716981596913
herb marker thyme,1316.16,9356079.360000022,0.9079994303522336
no junk mail metal sign,1315.43,9357394.790000021,0.9081270916989056
vintage christmas paper gift bag,1313.3899999999999,9358708.180000022,0.9082545550653376
ceramic cake design spotted plate,1313.28,9360021.460000021,0.9083820077563645
diamante ring assorted in box.,1311.3600000000001,9361332.82000002,0.9085092741130476
penny farthing birthday card,1309.18,9362642.00000002,0.9086363289026116
pink  honeycomb paper ball,1308.56,9363950.560000021,0.9087633235217105
french blue metal door sign no,1308.38,9365258.940000022,0.9088903006719646
small hanging ivory/red wood bird,1305.25,9366564.190000022,0.9090169740584191
boom box speaker boys,1301.55,9367865.740000023,0.9091432883630656
elephant carnival pouffe,1299.83,9369165.570000023,0.9092694357431959
6 rocket balloons,1297.1200000000001,9370462.690000022,0.9093953201201639
classic french style basket brown,1296.6100000000001,9371759.300000021,0.909521155002072
ivory knitted mug cosy,1296.23,9373055.530000022,0.9096469530053081
union jack flag luggage tag,1296.13,9374351.660000023,0.9097727413036304
spotty pink duck doorstop,1295.21,9375646.870000023,0.9098984403167465
porcelain rose small,1295.0,9376941.870000023,0.9100241189495436
airline bag vintage world champion,1289.49,9378231.360000024,0.9101492628415943
4 pear botanical dinner candles,1288.34,9379519.700000023,0.9102742951271369
magic sheep wool growing from paper,1283.99,9380803.690000024,0.9103989052489324
"key fob , back door",1280.49,9382084.180000024,0.9105231756987474
vintage embossed heart,1280.18,9383364.360000024,0.9106474160633298
herb marker parsley,1278.6000000000001,9384642.960000023,0.9107715030902752
set/6 collage paper plates,1278.23,9385921.190000024,0.91089555420904
hanging photo clip rope ladder,1277.4699999999998,9387198.660000024,0.9110195315704603
marie antoinette trinket box silver,1273.76,9388472.420000024,0.9111431488795814
french enamel water basin,1273.11,9389745.530000024,0.9112667031067629
set of 72 skull paper  doilies,1271.52,9391017.050000023,0.9113901030258164
"key fob , front  door",1270.8200000000002,9392287.870000023,0.9115134350104738
potting shed candle citronella,1268.1899999999998,9393556.060000023,0.9116365117558999
black enchanted forest placemat,1266.91,9394822.970000023,0.9117594642784305
ass floral print multi screwdriver,1264.2,9396087.170000022,0.9118821537977988
embroidered ribbon reel emily,1256.17,9397343.340000022,0.9120040640125947
rocking horse green christmas,1255.72,9398599.060000023,0.912125930555279
dolly girl childrens egg cup,1253.86,9399852.920000022,0.9122476165865677
set of 4 knick knack tins leaves,1253.7800000000002,9401106.700000022,0.9123692948539255
hanging engraved metal heart,1249.1100000000001,9402355.810000021,0.9124905199018121
white hanging beads candle holder,1244.95,9403600.76000002,0.9126113412252875
marie antoinette trinket box gold,1242.6,9404843.36000002,0.9127319344832903
white goose feather christmas tree,1242.0600000000002,9406085.42000002,0.9128524753347591
6 ribbons shimmering pinks,1241.32,9407326.74000002,0.9129729443698662
grow your own flowers set of 3,1241.3,9408568.040000021,0.9130934114639907
single wire hook ivory heart,1238.76,9409806.800000021,0.9132136320533063
gin and tonic diet metal sign,1237.5,9411044.300000021,0.913333730360709
christmas retrospot tree wood,1237.08,9412281.380000021,0.9134537879074739
star decoration painted zinc,1234.67,9413516.050000021,0.9135736115658181
set of 2 christmas decoupage candle,1232.27,9414748.32000002,0.9136932023062326
charlie and lola table tins,1230.78,9415979.10000002,0.9138126484434326
herb marker mint,1224.46,9417203.560000021,0.9139314812300849
pack of 20 spaceboy napkins,1222.61,9418426.17000002,0.9140501344758333
metal merry christmas wreath,1222.07,9419648.24000002,0.9141687353150475
200 red + white bendy straws,1221.43,9420869.67000002,0.9142872740428137
ivory wire kitchen organiser,1220.8200000000002,9422090.49000002,0.9144057535706064
kitchen metal sign,1218.95,9423309.44000002,0.9145240516165121
paper bunting vintage party,1218.48,9424527.92000002,0.9146423040493235
fanny's rest stopmetal sign,1217.73,9425745.65000002,0.9147604836952818
wrap circus parade,1213.34,9426958.99000002,0.9148782372955274
4 ivory dinner candles silver flock,1213.29,9428172.28000002,0.914995986043316
cardholder gingham star,1212.82,9429385.10000002,0.9151136891780103
pink diamante pen in gift box,1206.97,9430592.07000002,0.9152308245752514
organiser wood antique white,1205.3,9431797.370000022,0.9153477979004332
drawer knob vintage glass star,1201.04,9432998.41000002,0.91546435779629
next day carriage,1200.0,9434198.41000002,0.9155808167610441
school desk and chair,1199.75,9435398.16000002,0.9156972514635139
pack of 12 pink polkadot tissues,1197.73,9436595.890000021,0.9158134901267263
"key fob , garage design",1193.46,9437789.350000022,0.9159293143901226
ribbon reel flora + fauna,1193.0,9438982.350000022,0.9160450940109156
measuring tape babushka blue,1191.69,9440174.040000021,0.9161607464973387
small purple babushka notebook,1190.51,9441364.550000021,0.9162762844657798
vintage billboard mug,1186.23,9442550.780000022,0.9163914070639134
herb marker chives,1184.1200000000001,9443734.90000002,0.9165063248883671
pink fairy cake cushion cover,1182.99,9444917.890000021,0.9166211330472959
wall art loves' secret,1180.35,9446098.24000002,0.9167356849965022
musical zinc heart decoration,1179.8799999999999,9447278.120000022,0.9168501913326139
cherub heart decoration silver,1177.0,9448455.120000022,0.9169644181672102
triangular pouffe vintage,1176.6000000000001,9449631.720000021,0.9170786061821515
natural hanging quilted hearts,1175.3799999999999,9450807.100000022,0.9171926757971455
s/4 ivory mini rose candle in bowl,1174.6299999999999,9451981.730000023,0.9173066726252865
12 pencils tall tube posy,1173.8999999999999,9453155.630000023,0.9174205986075572
large round wicker platter,1173.53,9454329.160000023,0.917534488681647
boom box speaker girls,1172.48,9455501.640000023,0.9176482768541429
fridge magnets la vie en rose,1169.8999999999999,9456671.540000023,0.9177618146398644
large red babushka notebook,1168.99,9457840.530000024,0.917875264110871
lavender toilette bottle,1168.08,9459008.610000024,0.9179886252671626
orange tv tray table,1165.9099999999999,9460174.520000024,0.9181017758268263
mini playing cards dolly girl,1165.13,9461339.650000025,0.918214850688163
embroidered ribbon reel daisy,1164.98,9462504.630000025,0.9183279109921291
set of 2 ceramic christmas trees,1163.1299999999999,9463667.760000026,0.9184407917551911
dinosaur party bag + sticker set,1160.7099999999998,9464828.470000027,0.9185534376593409
french blue metal door sign 5,1160.29,9465988.760000026,0.918666042802853
wrap dolly girl,1160.0,9467148.760000026,0.9187786198021153
egg cup milkmaid heidi,1159.43,9468308.190000026,0.9188911414833693
large pink glass sundae dish,1157.8,9469465.990000026,0.9190035049745295
mini playing cards buffalo bill,1156.51,9470622.500000026,0.9191157432723027
decorative rose bathroom bottle,1154.17,9471776.670000026,0.9192277544750945
french blue metal door sign 3,1152.81,9472929.480000027,0.9193396336910598
decorative cats bathroom bottle,1152.4,9474081.880000027,0.9194514731168786
mobile vintage hearts,1151.3,9475233.180000028,0.9195632057886465
porcelain t-light holders assorted,1149.02,9476382.200000027,0.9196747171883812
cut glass hexagon t-light holder,1147.4099999999999,9477529.610000027,0.919786072339005
birds mobile vintage design,1147.27,9478676.880000027,0.9198974139027495
set/4 red mini rose candle in bowl,1145.73,9479822.610000027,0.9200086060108226
set of 2 tins vintage bathroom,1145.15,9480967.760000028,0.920119741830396
apron modern vintage cotton,1143.76,9482111.520000027,0.9202307427516686
small hammered silver candlepot,1143.3100000000002,9483254.830000028,0.9203417000008295
set of 6 heart chopsticks,1142.15,9484396.980000028,0.9204525446729911
airline bag vintage jet set white,1141.7,9485538.680000028,0.9205633456730409
blue polkadot beaker,1141.3999999999999,9486680.080000028,0.9206741175583495
fridge magnets les enfants assorted,1140.97,9487821.050000029,0.9207848477125291
mini playing cards spaceboy,1139.2,9488960.250000028,0.9208954060897355
wood stocking christmas scandispot,1138.98,9490099.230000028,0.9210059431161319
red retrospot tissue box,1138.2,9491237.430000028,0.9211164044442012
green rose washbag,1136.6,9492374.030000027,0.9212267104936507
set of 36 doilies spaceboy design,1135.3999999999999,9493509.430000028,0.9213369000841355
pin cushion babushka pink,1135.18,9494644.610000027,0.9214470683238102
"white tea,coffee,sugar jars",1134.5,9495779.110000027,0.9215571705700714
star decoration rustic,1134.45,9496913.560000027,0.9216672679638757
angel decoration stars on dress,1134.25,9498047.810000027,0.9217773459478527
mini jigsaw dolly girl,1130.58,9499178.390000027,0.9218870677614958
candy spot cushion cover,1129.99,9500308.380000027,0.9219967323161478
assorted creepy crawlies,1127.23,9501435.610000027,0.922106129015181
wood stamp set flowers,1124.04,9502559.650000026,0.922215216127466
card psychedelic apples,1123.8799999999999,9503683.530000027,0.9223242877118893
set of 6 kashmir folkart baubles,1121.9099999999999,9504805.440000027,0.922433168109512
tea time des tea cosy,1121.82,9505927.260000028,0.9225420397727124
pens assorted funky jeweled,1121.48,9507048.740000028,0.9226508784392061
christmas hanging tree with bell,1119.56,9508168.300000029,0.9227595307713563
mini playing cards gymkhana,1119.22,9509287.52000003,0.9228681501067997
large cake stand hanging hearts,1118.95,9510406.470000029,0.9229767432389759
trellis coat rack,1118.6100000000001,9511525.080000028,0.9230853033744455
pack of 12 pink paisley tissues,1116.9499999999998,9512642.030000027,0.9231937024083472
red flower crochet food cover,1116.89,9513758.920000028,0.9233020956193008
travel card wallet union jack,1115.93,9514874.850000028,0.9234103956630824
card suki birthday,1114.81,9515989.660000028,0.9235185870118304
embroidered ribbon reel susie,1114.26,9517103.920000028,0.9236267249835528
large purple babushka notebook,1112.75,9518216.670000028,0.9237347164110778
home garland painted zinc,1111.58,9519328.250000028,0.9238425942911124
50's christmas paper gift bag,1108.8899999999999,9520437.140000029,0.9239502111089675
hanging quilted patchwork apples,1108.58,9521545.720000029,0.9240577978415901
grow your own plant in a can,1107.87,9522653.590000028,0.9241653156693251
black candelabra t-light holder,1106.88,9523760.470000029,0.9242727374184143
small square cut glass candlestick,1106.54,9524867.010000028,0.9243801261707968
card gingham rose,1106.17,9525973.180000028,0.9244874790149984
rose 1 wick morris boxed candle,1104.8600000000001,9527078.040000027,0.9245947047248302
"birthday card, retro spot",1104.81,9528182.850000028,0.9247019255822052
cake stand lovebird 2 tier pink,1104.54,9529287.390000027,0.924809120236313
painted metal star with holly bells,1102.81,9530390.200000027,0.9249161469954135
silver plate candle bowl small,1101.2800000000002,9531491.480000027,0.9250230252693338
tea cosy red  stripe,1093.6,9532585.080000026,0.9251291582058796
zinc  heart t-light holder,1090.66,9533675.740000026,0.9252350058179618
pretty hanging quilted hearts,1090.02,9534765.760000026,0.9253407913185961
glitter heart decoration,1088.98,9535854.740000026,0.9254464758881278
silver hearts table decoration,1086.6499999999999,9536941.390000027,0.9255519343331695
polka dot raffia food cover,1085.32,9538026.710000027,0.9256572637028586
bohemian collage stationery set,1080.82,9539107.530000027,0.9257621563514299
set/4 skull badges,1080.0,9540187.530000027,0.9258669694197086
yellow metal chicken heart,1079.67,9541267.200000027,0.9259717504617719
"feather pen,light pink",1079.34,9542346.540000027,0.92607649947762
i love london beaker,1077.3,9543423.840000028,0.9261810505132281
vintage union jack shopping bag,1077.03,9544500.870000027,0.9262855753455689
"hook, 1 hanger ,magic garden",1070.85,9545571.720000027,0.9263895004142413
stripey chocolate nesting boxes,1070.26,9546641.980000027,0.9264933682239227
ping microwave apron,1069.1699999999998,9547711.150000026,0.9265971302500445
vintage bead pink purse,1068.32,9548779.470000027,0.9267008097843996
glitter christmas star,1067.82,9549847.290000027,0.926804440794186
drawer knob ceramic red,1067.6,9550914.890000027,0.9269080504531623
chocolate 3 wick morris box candle,1066.82,9551981.710000027,0.9270115844138114
"metal sign,cupcake single hook",1064.55,9553046.260000028,0.9271148980729189
french lavender scent heart,1064.44,9554110.700000027,0.9272182010566212
embroidered ribbon reel sophie,1062.35,9555173.050000027,0.9273213012076266
decorative wicker heart small,1062.28,9556235.330000026,0.9274243945651923
travel card wallet suki,1062.0,9557297.330000026,0.9275274607489997
blue pot plant candle,1060.9,9558358.230000027,0.9276304201787561
pink metal chicken heart,1059.67,9559417.900000026,0.9277332602380736
balloon art make your own flowers,1058.69,9560476.590000026,0.9278360051892365
local cafe mug,1057.71,9561534.300000027,0.9279386550322449
home sweet home 3 peg hanger,1057.28,9562591.580000026,0.9280412631441242
dolly girl wall art,1055.94,9563647.520000026,0.9281437412101595
disco ball rotator battery operated,1055.25,9564702.770000026,0.9282461523122901
set of 6 strawberry chopsticks,1054.44,9565757.210000025,0.9283484848046195
place setting white star,1053.5,9566810.710000025,0.9284507260707598
large chinese style scissor,1053.45,9567864.160000024,0.9285529624844433
hanging clear mini bottle,1051.14,9568915.300000025,0.9286549747146197
love heart trinket pot,1051.05,9569966.350000026,0.9287569782103737
sleeping cat erasers,1048.56,9571014.910000026,0.9288587400537759
vintage kid dolly card,1046.98,9572061.890000027,0.9289603485595411
home sweet home bottle,1045.8,9573107.690000027,0.9290618425473244
70's alphabet wall art,1043.1,9574150.790000027,0.9291630745024368
heart string memo holder hanging,1042.78,9575193.570000026,0.9292642754018253
red hearts light chain,1042.66,9576236.230000027,0.9293654646553174
wrap  vintage doily,1039.08,9577275.310000027,0.929466306472898
set of 6 t-lights easter chicks,1038.8700000000001,9578314.180000026,0.9295671279101596
"art lights,funk monkey",1037.54,9579351.720000025,0.9296678202720686
glitter star garland with bells,1037.05,9580388.770000026,0.9297684650799006
magnets pack of 4 vintage collage,1035.58,9581424.350000026,0.9298689672255006
rainy ladies birthday card,1033.81,9582458.160000026,0.9299692975941277
zinc heart flower t-light holder,1033.28,9583491.440000026,0.9300695765267118
empire tissue box,1033.22,9584524.660000026,0.930169849636348
kids rain mac blue,1032.6399999999999,9585557.300000027,0.9302700664574844
easter tin chicks pink daisy,1032.62,9586589.920000026,0.930370281337638
grey floral feltcraft shoulder bag,1031.69,9587621.610000025,0.9304704059620938
christmas tree star decoration,1031.56,9588653.170000026,0.930570517970162
jigsaw tree with birdhouse,1029.76,9589682.930000026,0.930670455289783
skulls  stickers,1028.58,9590711.510000026,0.930770278091422
purple paper parasol,1025.94,9591737.450000025,0.9308698446833384
3d dog picture playing cards,1025.5700000000002,9592763.020000026,0.9309693753670741
pack of 12 spaceboy tissues,1024.8999999999999,9593787.920000026,0.9310688410278879
french blue metal door sign 4,1024.28,9594812.200000025,0.9311682465182365
ivory enchanted forest placemat,1023.0,9595835.200000025,0.9312675277856893
sandwich bath sponge,1022.8,9596858.000000026,0.9313667896433148
3d hearts  honeycomb paper garland,1021.9000000000001,9597879.900000026,0.9314659641567167
heart mini portrait frame,1021.76,9598901.660000026,0.9315651250832392
zinc sweetheart wire letter rack,1020.69,9599922.350000026,0.9316641821671849
french garden sign blue metal,1019.83,9600942.180000026,0.9317631557888725
cast iron hook garden trowel,1018.19,9601960.370000025,0.931861970249975
wall art mid century modern,1015.78,9602976.150000025,0.9319605508226565
wall art buffalo bill,1014.8500000000001,9603991.000000024,0.9320590411396403
4 lily  botanical dinner candles,1013.01,9605004.010000024,0.9321573528862116
toast its - best mum,1010.21,9606014.220000025,0.9322553928951985
white heart confetti in tube,1008.4699999999999,9607022.690000026,0.9323532640386866
pocket bag blue paisley red spot,1007.15,9608029.840000026,0.9324510070773133
sweetheart wall tidy,1007.0799999999999,9609036.920000026,0.9325487433225005
set/3 christmas decoupage candles,1006.27,9610043.190000026,0.9326464009578863
cherry crochet food cover,1004.39,9611047.580000026,0.9327438761408942
boudoir square tissue box,1003.19,9612050.770000026,0.9328412348649372
pack of 6 cocktail parasol straws,1002.54,9613053.310000025,0.9329385305070409
wicker wreath small,1001.49,9614054.800000025,0.9330357242475505
toast its - i love you,998.83,9615053.630000025,0.933132659837355
wall art garden haven,998.64,9616052.270000026,0.9332295769878234
set/3 decoupage stacking tins,997.47,9617049.740000026,0.9333263805908012
brown  pirate treasure chest,996.8,9618046.540000027,0.933423119170857
embroidered ribbon reel rebecca,996.38,9619042.920000028,0.9335198169902751
miseltoe heart wreath cream,996.0000000000001,9620038.920000028,0.933616477931021
mini funky design tapes,994.84,9621033.760000028,0.9337130262947676
5 hook hanger magic toadstool,994.3799999999999,9622028.140000029,0.9338095300159112
assorted tutti frutti small purse,992.79,9623020.930000028,0.9339058794289263
box of 9 pebble candles,988.18,9624009.110000027,0.9340017814454185
folding butterfly mirror red,985.88,9624994.990000028,0.9340974602488951
vintage bead pink scarf,985.8399999999999,9625980.830000028,0.934193135170406
set of 3 bird light pink feather,984.5699999999999,9626965.400000028,0.9342886868395126
small glass sundae dish clear,984.4699999999999,9627949.870000029,0.9343842288037056
embroidered ribbon reel rachel,983.3000000000001,9628933.17000003,0.9344796572204079
french paisley cushion cover,981.54,9629914.710000029,0.9345749148306284
set of 2 tins jardin de provence,980.7,9630895.410000028,0.9346700909195736
set of 6 cake chopsticks,979.48,9631874.890000029,0.9347651486085714
assorted easter gift tags,977.7599999999999,9632852.650000028,0.9348600393730531
embroidered ribbon reel sally,977.39,9633830.040000029,0.934954894229354
embroidered ribbon reel rosie,977.3199999999999,9634807.36000003,0.9350497422922152
cream sweetheart letter rack,976.25,9635783.61000003,0.9351444865124995
french blue metal door sign 6,973.15,9636756.76000003,0.9352389298804582
"swiss roll towel, pink  spots",971.44,9637728.200000029,0.9353332072943921
white soap rack with 2 bottles,969.8000000000001,9638698.00000003,0.935427325547741
gold mug bone china tree of life,969.64,9639667.64000003,0.9355214282732278
wood stamp set happy birthday,968.3699999999999,9640636.01000003,0.9356154077463101
party invites woodland,968.2099999999999,9641604.22000003,0.9357093716915307
christmas musical zinc star,967.7599999999999,9642571.98000003,0.9358032919646394
mother's kitchen spoon rest,967.17,9643539.15000003,0.935897154978757
ivory hanging decoration  bird,966.78,9644505.93000003,0.9359909801437111
english rose spirit level,964.38,9645470.31000003,0.9360845723907358
white hearts wire plant pot holder,963.27,9646433.58000003,0.936178056913218
hi tec alpine hand warmer,962.9599999999999,9647396.54000003,0.9362715113504677
mini jigsaw circus parade,960.86,9648357.40000003,0.936364761984529
wood stamp set best wishes,959.6999999999999,9649317.10000003,0.936457900041591
zinc heart lattice t-light holder,958.57,9650275.67000003,0.936550928433128
travel card wallet retrospot,958.2,9651233.870000029,0.9366439209164841
gold mini tape measure,958.06,9652191.93000003,0.936736899812961
small chocolates pink bowl,957.3,9653149.23000003,0.9368298049520937
wall art dolly girl,956.0500000000002,9654105.280000031,0.9369225887798047
pack of 12 vintage doily tissues,955.42,9655060.70000003,0.9370153114665591
felt egg cosy chicken,953.8599999999999,9656014.56000003,0.9371078827566593
soft pink rose towel,952.83,9656967.39000003,0.9372003540861482
danish rose round sewing box,951.79,9657919.18000003,0.9372927244845343
scottie dogs baby bib,951.1099999999999,9658870.290000029,0.9373850288895069
adult apron apple delight,950.83,9659821.120000029,0.9374773061207211
medium medina stamped metal bowl,948.7000000000002,9660769.820000028,0.9375693766372729
easter tin bucket,946.93,9661716.750000028,0.9376612753768517
blue paper parasol,946.83,9662663.580000028,0.9377531644115168
happy easter hanging decoration,945.9499999999999,9663609.530000027,0.937844968042941
"elephant, birthday card,",945.46,9664554.990000028,0.9379367241202881
jam clock magnet,943.9200000000001,9665498.910000028,0.9380283307419637
wrap gingham rose,943.92,9666442.830000028,0.9381199373636392
3 gardenia morris boxed candles,940.02,9667382.850000028,0.9382111654936793
magic garden felt garland,939.3699999999999,9668322.220000027,0.93830233054178
red love heart shape cup,939.03,9669261.250000026,0.9383934625931742
vintage bead pink evening bag,937.25,9670198.500000026,0.938484421897104
easter tree yellow birds,935.39,9671133.890000027,0.9385752006896385
blue polkadot washing up gloves,935.1500000000001,9672069.040000027,0.9386659561903801
wall art the magic forest,933.16,9673002.200000027,0.9387565185633383
dolly mixture children's umbrella,932.42,9673934.620000027,0.938847009119935
"nursery a,b,c painted letters",932.4,9674867.020000027,0.9389374977355489
mini cake stand t-light holder,931.02,9675798.040000027,0.9390278524233534
large medina stamped metal bowl,930.96,9676729.000000028,0.9391182012882097
clock magnet mum's kitchen,930.48,9677659.480000028,0.93920850356948
tea party  wrapping paper,929.0,9678588.480000028,0.9392986622180272
mirror mosaic t-light holder round,928.04,9679516.520000027,0.9393887276994024
french carriage lantern,925.35,9680441.870000027,0.9394785321185983
travel card wallet skulls,925.29,9681367.160000026,0.939568330714846
silver t-light setting,924.29,9682291.450000025,0.9396580322619564
animals and nature wall art,923.97,9683215.420000026,0.939747702753343
pink dog bowl,922.89,9684138.310000027,0.9398372684316613
porcelain butterfly oil burner,921.87,9685060.180000026,0.9399267351198595
vanilla incense in tin,920.67,9685980.850000026,0.9400160853490929
christmas tree heart decoration,920.4,9686901.250000026,0.9401054093750593
ivory pillar candle silver flock,919.94,9687821.190000026,0.9401946887584225
polkadot rain hat,918.25,9688739.440000026,0.9402838041287437
egg frying pan red,915.4000000000001,9689654.840000026,0.9403726429090236
woven rose garden cushion cover,912.03,9690566.870000025,0.9404611546337107
nine drawer office tidy,909.37,9691476.240000024,0.9405494082076927
potting shed seed envelopes,908.33,9692384.570000025,0.9406375608505719
travel card wallet pantry,906.9399999999999,9693291.510000024,0.9407255785951503
tea time tea set in gift box,906.83,9694198.340000024,0.9408135856643236
childs garden brush pink,906.7500000000001,9695105.090000024,0.9409015849695659
tomato charlie+lola coaster set,905.55,9696010.640000025,0.9409894678158435
wall art work rest and play,901.58,9696912.220000025,0.941076965377046
beaded pearl heart white on stick,901.48,9697813.700000025,0.9411644532333349
joy wooden block letters,901.46,9698715.160000026,0.9412519391486409
mirror mosaic hurricane lamp,898.38,9699613.540000027,0.9413391261526042
pink flower crochet food cover,897.8,9700511.340000028,0.9414262568680677
cosmetic bag vintage rose paisley,897.74,9701409.080000028,0.9415133817605831
french blue metal door sign 7,896.75,9702305.830000028,0.9416004105744524
hippy chic decorative parasol,896.01,9703201.840000028,0.9416873675719601
baking mould rose white chocolate,895.97,9704097.810000028,0.9417743206875024
gumball monochrome coat rack,895.72,9704993.53000003,0.9418612495407604
sunflower decorative parasol,895.46,9705888.99000003,0.9419481531612428
chest 7 drawer ma campagne,895.38,9706784.37000003,0.9420350490177941
card party games,893.51,9707677.88000003,0.9421217633924587
fairy cakes notebook a7 size,892.19,9708570.07000003,0.9422083496622619
birdhouse decoration magic garden,891.99,9709462.06000003,0.9422949165222377
star portable table light,890.6,9710352.66000003,0.9423813484839126
danish rose folding chair,890.4000000000001,9711243.06000003,0.9424677610357602
white honeycomb paper garland,888.67,9712131.73000003,0.9425540056926003
pink  heart confetti in tube,888.3299999999999,9713020.06000003,0.9426402173527336
multicolour honeycomb fan,886.24,9713906.30000003,0.94272622618017
spaceboy wall art,885.9000000000001,9714792.20000003,0.9428122020108998
childrens garden gloves blue,883.1999999999999,9715675.40000003,0.9428979158089587
five cats hanging decoration,882.6200000000001,9716558.02000003,0.942983573318518
bird decoration red retrospot,881.3299999999999,9717439.35000003,0.9430691056346903
sewing susan 21 needle set,880.4699999999999,9718319.82000003,0.9431545544886045
wire egg basket,880.23,9719200.05000003,0.9432399800507258
playing cards vintage doily,880.16,9720080.21000003,0.9433253988194075
tea cosy blue stripe,877.38,9720957.590000032,0.9434105477914875
pantry 3 hook rolling pin hanger,876.9,9721834.490000032,0.9434956501799816
small silver flower candle pot,875.3800000000001,9722709.870000033,0.943580605053787
blue polkadot coffee mug,874.29,9723584.160000032,0.9436654541440326
party pizza dish red retrospot,873.9,9724458.060000032,0.9437502653851149
feltcraft hairbands pink and white,873.52,9725331.580000032,0.9438350397475248
french blue metal door sign 8,871.49,9726203.070000032,0.943919617100186
urban black ribbons,870.35,9727073.420000032,0.9440040838168308
reindeer heart decoration gold,869.9799999999999,9727943.400000032,0.9440885146252949
daisies  honeycomb garland,868.4399999999999,9728811.840000032,0.9441727959780873
folding umbrella cream polkadot,868.0600000000001,9729679.900000032,0.9442570404522077
wrap red vintage doily,866.0,9730545.900000032,0.9443410850051053
black pirate treasure chest,863.38,9731409.280000033,0.9444248752892631
relax large wood letters,860.23,9732269.510000033,0.9445083598686386
hot baths soap holder,859.0,9733128.510000033,0.9445917250775749
red retrospot tape,858.7800000000001,9733987.290000033,0.9446750689357012
red dragonfly helicopter,856.38,9734843.670000033,0.944758179875898
painted metal heart with holly bell,854.74,9735698.410000034,0.9448411316555096
white bamboo ribs lampshade,854.4599999999999,9736552.870000035,0.9449240562613629
buffalo bill wall art,852.72,9737405.590000035,0.9450068120017172
charlie & lola wastepaper bin blue,852.04,9738257.630000034,0.945089501748658
fairy cakes notebook a6 size,850.2,9739107.830000034,0.9451720129251862
magic tree -paper flowers,849.55,9739957.380000034,0.9452544610197753
wrap cowboys,847.94,9740805.320000034,0.9453367528652532
mirror mosaic goblet candle holder,847.82,9741653.140000034,0.9454190330648348
magic drawing slate dinosaur,844.84,9742497.980000034,0.9455010240579871
love heart napkin box,843.95,9743341.930000033,0.9455829286774072
egg cup milkmaid ingrid,841.31,9744183.240000034,0.9456645770871049
heart garland rustic padded,841.24,9745024.480000034,0.9457462187033631
pack of 12 paisley park tissues,841.01,9745865.490000034,0.9458278379983196
asstd multicolour circles mug,840.47,9746705.960000034,0.945909404886742
small regal  silver candlepot,840.33,9747546.290000034,0.9459909581882853
paper pocket traveling fan,840.0200000000001,9748386.310000034,0.9460724814045958
wash bag vintage rose paisley,838.86,9749225.170000033,0.9461538920439071
felt toadstool large,836.8000000000001,9750061.970000034,0.9462351027619957
set 6 football celebration candles,834.73,9750896.700000035,0.94631611258837
blue calculator ruler,833.49,9751730.190000035,0.9463970020738142
treasure ahoy wall art,833.46,9752563.650000036,0.9464778886477841
feltcraft hairband red and blue,833.0699999999999,9753396.720000036,0.9465587373725906
t-light holder hanging lace,832.51,9754229.230000036,0.9466395317498801
mirror mosaic t-light holder,831.84,9755061.070000036,0.9467202611042477
assorted tutti frutti pen,831.0199999999999,9755892.090000035,0.9468009108783225
white christmas garland stars trees,830.03,9756722.120000035,0.9468814645737514
pink stitched wall clock,828.24,9757550.360000035,0.9469618445512248
measuring tape babushka red,827.82,9758378.180000035,0.9470421837680604
love garland painted zinc,827.6299999999999,9759205.810000036,0.94712250454556
decoration white chick magic garden,826.46,9760032.270000037,0.947202711775569
apothecary measuring jar,826.28,9760858.550000036,0.9472829015367331
etched glass coaster,825.49,9761684.040000036,0.9473630146290788
set of 4 polkadot placemats,824.91,9762508.950000037,0.9474430714329249
motoring tissue box,824.08,9763333.030000037,0.947523047685987
hanging spring flower egg large,823.7399999999999,9764156.770000037,0.9476029909423426
more butter metal sign,823.71,9764980.480000038,0.9476829312872239
christmas decoupage candle,821.98,9765802.460000038,0.9477627037370978
small polkadot chocolate gift bag,819.64,9766622.100000039,0.9478422490919903
french style storage jar cafe,819.4599999999999,9767441.56000004,0.9479217769780383
white stitched wall clock,813.29,9768254.850000039,0.9480007060709089
ivory love bird candle,813.02,9769067.870000038,0.9480796089605125
retro plastic elephant tray,812.53,9769880.400000038,0.9481584642960388
gardenia 3 wick morris boxed candle,811.99,9770692.390000038,0.948237267225031
small bonne jam jar  t-light holder,808.16,9771500.550000038,0.9483156984558274
kids rain mac pink,806.1999999999999,9772306.750000037,0.9483939394703147
caravan square tissue box,804.65,9773111.400000038,0.9484720300586392
heart shape wireless doorbell,802.13,9773913.530000038,0.9485498760831378
photo frame linen and lace large,801.6800000000001,9774715.210000038,0.9486276784355244
wrap green pears,801.36,9775516.570000038,0.9487054497321872
mini jigsaw purdey,800.4,9776316.970000038,0.9487831278616782
horse & pony wall art,797.3100000000001,9777114.280000038,0.9488605061093349
pink horse sock puppet,797.1400000000001,9777911.420000039,0.9489378678586384
set/6 pink bird t-light candles,796.99,9778708.41000004,0.9490152150505712
sweet heart cake carrier,795.5799999999999,9779503.99000004,0.9490924254032205
set/6 frog prince t-light candles,795.02,9780299.010000039,0.9491695814083527
feltcraft hairband pink and purple,794.88,9781093.89000004,0.9492467238266059
toxic area  door hanger,794.15,9781888.04000004,0.9493237953989888
egg frying pan ivory,792.86,9782680.90000004,0.9494007417779845
zinc hearts plant pot holder,792.47,9783473.37000004,0.9494776503078168
embroidered ribbon reel claire,792.31,9784265.68000004,0.9495545433097872
noel garland painted zinc,792.28,9785057.96000004,0.9496314334002832
skulls greeting card,788.97,9785846.93000004,0.949708002258135
egg cup henrietta hen cream,787.52,9786634.45000004,0.9497844303947376
woodland  stickers,786.31,9787420.76000004,0.9498607411018841
cherry blossom decorative flask,785.95,9788206.71000004,0.9499370168713411
red apples chopping board,785.1700000000001,9788991.88000004,0.9500132169424711
moody girl door hanger,783.8199999999999,9789775.70000004,0.9500892859972657
salle de bain hook,783.8199999999999,9790559.52000004,0.9501653550520603
black baroque wall clock,783.68,9791343.20000004,0.9502414105199757
childs garden brush blue,783.5400000000001,9792126.74000004,0.9503174524010118
"black tea,coffee,sugar jars",783.3499999999999,9792910.090000039,0.9503934758427118
cinammon set of 9 t-lights,782.5,9793692.590000039,0.9504694167926453
french blue metal door sign 0,780.8,9794473.39000004,0.9505451927590454
silk purse babushka red,779.1500000000001,9795252.54000004,0.9506208085943688
bunny wooden painted with bird,778.63,9796031.17000004,0.950696373964141
pack of 12 blue paisley tissues,777.67,9796808.84000004,0.9507718461667413
romantic images gift wrap set,777.1400000000001,9797585.980000041,0.9508472669332988
toothpaste tube pen,776.75,9798362.730000041,0.9509226498506927
gardenia 1 wick morris boxed candle,775.93,9799138.660000041,0.950997953187794
french floral cushion cover,774.79,9799913.45000004,0.9510731458888788
feltcraft hairband pink and blue,774.55,9800688.000000041,0.9511483152981708
carrot charlie+lola coaster set,774.55,9801462.550000042,0.9512234847074628
childs garden fork blue,774.29,9802236.84000004,0.9512986288839789
set/6 collage paper cups,773.14,9803009.980000041,0.9513736614539873
blue/cream stripe cushion cover,771.15,9803781.130000042,0.9514485008962124
4 wildflower botanical candles,770.87,9804552.000000041,0.951523313164679
pink love heart shape cup,770.73,9805322.730000041,0.9515981118462664
tall rococo candle holder,770.59,9806093.320000041,0.9516728969409746
birdcage decoration tealight holder,770.32,9806863.640000042,0.9517476558324158
small round cut glass candlestick,770.2900000000001,9807633.93000004,0.9518224118123827
dairy maid toastrack,769.57,9808403.500000041,0.951897097916971
wrap billboard fonts design,769.02,9809172.52000004,0.9519717306445336
gingham rose wrap,768.18,9809940.70000004,0.9520462818508209
triple wire hook ivory heart,766.1,9810706.80000004,0.9521206311949025
ring of roses birthday card,766.09,9811472.89000004,0.9521949795684929
travel card wallet flower meadow,765.27,9812238.16000004,0.9522692483617907
cushion cover pink union jack,764.63,9813002.79000004,0.9523434550436407
folding umbrella blackblue polkadot,763.6600000000001,9813766.45000004,0.9524175675878275
wrap alphabet poster,763.1,9814529.55000004,0.9524916257844973
dolly cabinet 3 drawers,762.4499999999999,9815292.00000004,0.9525656208992278
mini painted garden decoration,761.4,9816053.40000004,0.9526395141123644
drawer knob vintage glass ball,760.8000000000001,9816814.20000004,0.9527133490960185
beaded crystal heart green large,760.4300000000001,9817574.63000004,0.9527871481714918
cocktail swords 50 pieces,760.4,9818335.03000004,0.952860944335491
wall art horse & pony,760.32,9819095.35000004,0.9529347327355592
assorted incense pack,760.3199999999999,9819855.67000004,0.9530085211356274
scented velvet lounge candle,760.15,9820615.820000041,0.9530822930373423
inflatable political globe,759.89,9821375.710000042,0.9531560397062815
glitter christmas tree with bells,759.44,9822135.150000041,0.9532297427031088
small yellow babushka notebook,758.98,9822894.130000042,0.9533034010573331
red tea towel classic design,757.21,9823651.340000043,0.9533768876345844
pack of 12 sticky bunnies,755.83,9824407.170000043,0.9534502402840261
dove decoration painted zinc,754.4100000000001,9825161.580000043,0.953523455123693
mint green rose towel,754.07,9825915.650000043,0.9535966369666531
christmas tree hanging silver,751.8499999999999,9826667.500000043,0.9536696033605283
set of 2 round tins camembert,751.7700000000001,9827419.270000042,0.9537425619904726
childs garden fork pink,751.66,9828170.930000043,0.9538155099450119
18pc wooden cutlery set disposable,751.38,9828922.310000043,0.9538884307257927
kensington coffee set,751.17,9829673.480000043,0.9539613311262546
set of 6 girls celebration candles,750.2,9830423.680000043,0.9540341373890533
black stitched wall clock,749.94,9831173.620000042,0.9541069184190762
zinc finish 15cm planter pots,748.34,9831921.960000042,0.9541795441704797
black tea towel classic design,748.08,9832670.040000042,0.9542521446891074
bird decoration green polkadot,747.81,9833417.850000042,0.954324719004468
blossom images gift wrap set,747.7900000000001,9834165.640000042,0.9543972913788459
ivory paper cup cake cases,745.45,9834911.09000004,0.9544696366582424
felt farm animal rabbit,743.89,9835654.980000041,0.9545418305409848
200 bendy skull straws,743.62,9836398.60000004,0.9546139982204601
assorted tutti frutti mirror,743.31,9837141.910000041,0.954686135814703
folding butterfly mirror ivory,742.92,9837884.830000041,0.9547582355597822
paperweight vintage collage,741.98,9838626.810000041,0.9548302440786725
swallow square tissue box,739.57,9839366.380000042,0.9549020187091418
felt farm animal white bunny,738.68,9840105.060000041,0.9549737069658789
vintage leaf chopping board,737.95,9840843.01000004,0.9550453243767457
hearts  stickers,737.8399999999999,9841580.85000004,0.9551169311122075
3 raffia ribbons vintage christmas,734.7900000000001,9842315.64000004,0.9551882418478005
set/5 red spotty lid glass bowls,734.4,9843050.04000004,0.9552595147342301
decoration  butterfly  magic garden,732.65,9843782.69000004,0.9553306177846693
teatime funky flower backpack for 2,732.2299999999999,9844514.92000004,0.9554016800744709
magnets pack of 4 home sweet home,731.82,9845246.740000041,0.9554727025741262
"wrap, billboard fonts design",731.42,9845978.160000041,0.9555436862541266
rose scent candle jewelled drawer,730.97,9846709.130000042,0.9556146262620152
gift bag psychedelic apples,730.47,9847439.600000042,0.9556855177453353
set of 6 ribbons perfectly pretty,730.37,9848169.970000042,0.9557563995237414
red polkadot coffee  mug,729.6,9848899.570000041,0.9558272065743117
assorted easter decorations  bells,729.57,9849629.140000042,0.9558980107134082
pink sweetheart bracelet,729.57,9850358.710000042,0.9559688148525046
french blue metal door sign 9,728.57,9851087.280000042,0.9560395219424637
jazz hearts address book,727.46,9851814.740000043,0.9561101213078804
card cat and tree,727.31,9852542.050000044,0.9561807061159265
s/15 silver glass baubles in bag,725.52,9853267.570000043,0.9562511172060169
stars gift tape,725.4200000000001,9853992.990000043,0.9563215185911934
beaded crystal heart pink on stick,725.26,9854718.250000043,0.9563919044485081
sunset colour chunky knitted throw,720.93,9855439.180000043,0.9564618700830582
curious images gift wrap set,719.84,9856159.020000042,0.9565317299340487
corona mexican tray,719.69,9856878.710000042,0.9566015752276684
square cherry blossom cabinet,719.5500000000001,9857598.260000043,0.9566714069344092
christmas tree hanging gold,718.53,9858316.790000042,0.9567411396510298
rose du sud cushion cover,718.19,9859034.980000041,0.9568108393709437
floor cushion elephant carnival,718.14,9859753.120000042,0.9568805342384008
dog toy with pink crochet skirt,717.21,9860470.330000043,0.9569501388501603
banquet birthday  card,717.12,9861187.450000042,0.9570197347274972
retro mod tray,717.11,9861904.560000041,0.9570893296343429
decorative flore bathroom bottle,716.86,9862621.42000004,0.9571589002789042
frying pan blue polkadot,716.8,9863338.220000042,0.9572284651005173
paper lantern 7 point snow star,711.51,9864049.730000041,0.9572975165321941
blue rose fabric mirror,710.95,9864760.68000004,0.9573665136163539
danish rose decorative plate,710.64,9865471.320000041,0.9574354806152814
madras notebook medium,709.66,9866180.980000041,0.9575043525060543
edwardian heart photo frame,709.5400000000001,9866890.52000004,0.9575732127509305
pink hawaiian picnic hamper for 2,709.2399999999999,9867599.76000004,0.9576420438810657
antique glass heart decoration,709.18,9868308.94000004,0.9577108691882525
cosy slipper shoes small green,708.98,9869017.92000004,0.9577796750856121
large stripes chocolate gift bag,708.75,9869726.67000004,0.95784845866167
childs garden spade blue,706.5500000000001,9870433.220000042,0.9579170287296259
pantry apple corer,705.5799999999999,9871138.800000042,0.9579855046599185
toast its - fairy flower,704.55,9871843.350000042,0.9580538806295998
recycled pencil with rabbit eraser,702.96,9872546.310000043,0.9581221022911529
cream slice flannel chocolate spot,702.51,9873248.820000043,0.958190280280594
bright blues ribbons,702.41,9873951.230000043,0.9582584485651214
black wine glass,699.96,9874651.190000044,0.9583263790792627
steel sweetheart round table cream,699.63,9875350.820000045,0.9583942775671884
pastel colour honeycomb fan,697.77,9876048.590000045,0.9584619955437188
mr robot soft toy,697.7,9876746.290000044,0.9585297067268095
scandinavian 3 hearts napkin ring,696.8,9877443.090000045,0.9585973305656768
pack of 6 small fruit straws,695.41,9878138.500000045,0.9586648195062432
silver jewelled mirror trinket tray,695.23,9878833.730000045,0.9587322909779649
french style storage jar bonbons,695.06,9879528.790000046,0.9587997459513332
vintage red mug,694.72,9880223.510000046,0.9588671679279949
assorted tutti frutti bracelet,692.85,9880916.360000046,0.9589344084227698
rattle snake eggs,691.85,9881608.210000046,0.9590015518684073
candy heart hanging decoration,690.52,9882298.730000045,0.9590685662386923
small silver trellis candlepot,690.1000000000001,9882988.830000045,0.9591355398483395
magnets pack of 4 vintage labels,689.67,9883678.500000045,0.9592024717268578
glass sphere candle stand medium,689.53,9884368.030000044,0.9592693900184969
red charlie+lola personal doorsign,688.91,9885056.940000044,0.9593362481396708
blue polkadot kids bag,688.3,9885745.240000045,0.9594030470608711
square floor cushion vintage red,687.95,9886433.190000044,0.9594698120148731
vintage keepsake box paris days,686.86,9887120.050000044,0.9595364711853156
paper bunting paisley park,684.97,9887805.020000044,0.9596029469328886
do not touch my stuff door hanger,684.62,9888489.640000043,0.9596693887132636
woven berries cushion cover,683.8,9889173.440000044,0.959735750913346
christmas tree painted zinc,683.3100000000001,9889856.750000045,0.9598020655593511
blossom  images notebook set,682.97,9890539.720000045,0.9598683472086496
ceramic bowl with love heart design,682.01,9891221.730000045,0.9599345356907761
hand open shape gold,681.59,9891903.320000045,0.9600006834122651
rustic strawberry jam pot small,681.54,9892584.860000044,0.9600668262812971
love heart sock hanger,680.93,9893265.790000044,0.9601329099503554
multicolour 3d balls garland,677.1899999999999,9893942.980000043,0.9601986306556403
set of 6 t-lights wedding cake,677.0400000000001,9894620.020000042,0.9602643368035544
white travel alarm clock,676.27,9895296.290000042,0.9603299682236329
ivory retro kitchen wall clock,675.91,9895972.200000042,0.960395564706022
travel card wallet retro petals,674.53,9896646.730000041,0.9604610272606016
easter decoration egg bunny,673.17,9897319.900000041,0.9605263578283545
cinammon & orange wreath,672.88,9897992.780000042,0.9605916602518577
woven bubble gum cushion cover,672.6,9898665.380000042,0.9606569355016024
green goose feather christmas tree,672.09,9899337.470000042,0.960722161256287
set/4 colourful mixing bowls,671.93,9900009.400000041,0.9607873714831097
pink butterfly handbag w bobbles,671.62,9900681.02000004,0.9608525516246996
cooking set retrospot,671.53,9901352.55000004,0.9609177230318673
magic drawing slate bunnies,671.01,9902023.56000004,0.9609828439734837
milk pan blue polkadot,669.54,9902693.100000039,0.9610478222528681
ceramic plate strawberry design,667.92,9903361.020000039,0.9611126433126502
large bonne jam jar  t-light holder,667.8500000000001,9904028.870000038,0.9611774575789928
english rose scented hanging flower,665.95,9904694.820000038,0.9612420874519744
blue paisley journal,663.7099999999999,9905358.530000038,0.9613064999348885
large hanging ivory & red wood bird,663.4300000000001,9906021.960000038,0.9613708852440441
s/12 vanilla  botanical t-lights,661.9300000000001,9906683.890000038,0.9614351249794939
wrap flower shop,661.5,9907345.390000038,0.9614993229838146
silk purse babushka blue,661.11,9908006.500000037,0.9615634831389717
pearlised ivory heart large,661.02,9908667.520000037,0.9616276345597063
pack of 12 circus parade tissues,660.7299999999999,9909328.250000037,0.9616917578361914
large yellow babushka notebook,656.52,9909984.770000037,0.9617554725358083
pin cushion babushka red,656.4300000000001,9910641.200000037,0.9618191785010028
red retrospot luggage tag,653.36,9911294.560000036,0.961882586525346
white bell honeycomb paper garland,651.75,9911946.310000036,0.961945838300578
cherub heart decoration gold,649.02,9912595.330000035,0.9620088251316652
childrens garden gloves pink,648.97,9913244.300000036,0.9620718071102956
magic drawing slate bake a cake,646.49,9913890.790000036,0.9621345484070656
card wedding day,645.64,9914536.430000037,0.9621972072120688
small skull windmill,645.61,9915182.040000036,0.9622598631055979
choc truffle gold trinket pot,645.2199999999999,9915827.260000037,0.9623224811499634
basket of flowers sewing kit,645.06,9916472.320000038,0.962385083666467
photo frame linen and lace small,644.8000000000001,9917117.120000038,0.962447660950195
enchanted bird plant cage,644.47,9917761.590000039,0.9625102062077076
assorted tutti frutti  fob notebook,644.03,9918405.620000038,0.9625727087635997
namaste swagat incense,643.14,9919048.760000039,0.9626351249457596
"christmas garland stars,trees",641.58,9919690.340000039,0.9626973897312655
paperweight save the planet,641.55,9920331.89000004,0.9627596516052972
enamel pink coffee container,640.92,9920972.81000004,0.9628218523383724
12 red rose peg place settings,640.92,9921613.73000004,0.9628840530714475
large white/pink rose art flower,639.36,9922253.090000039,0.9629461024078684
asstd fruit+flowers fridge magnets,637.5600000000001,9922890.65000004,0.9630079770558423
jardin etched glass fruitbowl,635.74,9923526.39000004,0.9630696750743863
vintage jingle bells wreath,635.38,9924161.77000004,0.9631313381552409
"bunting , spotty",634.7,9924796.47000004,0.963192935242682
nurse's bag soft toy,634.53,9925431.00000004,0.9632545158317698
magnets pack of 4 retro photo,634.43,9926065.430000039,0.9633160867159439
pink/purple retro radio,634.07,9926699.50000004,0.9633776226624285
shoe shine box,633.0699999999999,9927332.57000004,0.963439061559776
biscuits small bowl light blue,632.26,9927964.83000004,0.9635004218473222
oval  mini portrait frame,631.5799999999999,9928596.41000004,0.963561716141455
three mini hanging frames,630.75,9929227.16000004,0.9636229298848039
laurel heart antique gold,630.73,9929857.89000004,0.9636841416871701
feng shui pillar candle,630.23,9930488.12000004,0.9637453049649676
cockle shell dish,629.8000000000001,9931117.92000004,0.9638064265116361
small apothecary measuring jar,629.0500000000001,9931746.970000042,0.9638674752714516
pink pot plant candle,628.7900000000001,9932375.76000004,0.9639284987984913
drawer knob vintage glass hexagon,627.95,9933003.71000004,0.9639894408042556
six drawer office tidy,626.74,9933630.45000004,0.964050265380564
black champagne glass,626.55,9934257.000000041,0.9641110715175363
seaside flying disc,626.53,9934883.53000004,0.9641718757135257
black mini tape measure,625.8,9935509.330000041,0.964232609063645
black diner wall clock,625.6899999999999,9936135.02000004,0.9642933317383592
pink union jack  passport cover,625.23,9936760.250000041,0.9643540097704701
woodland storage box small,624.58,9937384.830000041,0.964414624720642
egg cup natural chicken,622.74,9938007.570000041,0.964475061100401
vintage caravan greeting card,622.36,9938629.93000004,0.964535460601488
small medina stamped metal bowl,622.3,9939252.230000041,0.9645958542796268
childs garden trowel blue,622.0999999999999,9939874.330000041,0.964656228547938
party cones candy decoration,621.96,9940496.290000042,0.9647165892293702
storage tin home sweet home,621.44,9941117.730000041,0.9647768994452508
garden path journal,621.1899999999999,9941738.92000004,0.964837185398847
mum's kitchen clock,621.09,9942360.01000004,0.9648974616475297
metal sign his dinner is served,620.42,9942980.43000004,0.9649576728732903
kitchen flower pots wall plaque,619.59,9943600.02000004,0.9650178035482668
sweetheart cream steel table rect,618.66,9944218.68000004,0.9650778439675458
wall art spaceboy,618.59,9944837.27000004,0.9651378775933852
hanging metal rabbit decoration,618.2,9945455.47000004,0.9651978733700609
chocolate 1 wick morris box candle,617.9,9946073.37000004,0.9652578400319956
birthday party cordon barrier tape,617.11,9946690.48000004,0.9653177300251117
large apothecary measuring jar,612.1600000000001,9947302.64000004,0.9653771396249983
lipstick pen baby pink,611.72,9947914.36000004,0.9654365065232644
hanging bauble t-light holder small,611.57,9948525.93000004,0.96549585886416
abstract circles sketchbook,610.8100000000001,9949136.740000041,0.9655551374477113
blue felt easter egg basket,610.4499999999999,9949747.19000004,0.965614381093573
party cones candy tree decoration,609.56,9950356.750000041,0.9656735383657026
childs garden spade pink,608.95,9950965.70000004,0.9657326364378583
glass jar kings choice,608.72,9951574.42000004,0.9657917121887127
set/6 eau de nil bird t-lights,608.53,9952182.95000004,0.9658507695002309
jigsaw rabbit and birdhouse,607.7299999999999,9952790.68000004,0.9659097491724392
vintage post office cabinet,607.6500000000001,9953398.330000041,0.9659687210807166
folding umbrella chocolate polkadot,607.23,9954005.560000041,0.9660276522283563
set/12 taper candles,605.89,9954611.450000042,0.9660864533301521
christmas gingham heart,605.8,9955217.250000043,0.9661452456975255
travel card wallet vintage leaf,605.78,9955823.030000042,0.966204036123916
pink new baroquecandlestick candle,605.48,9956428.510000043,0.9662627974355655
jigsaw toadstools 3 piece,604.4599999999999,9957032.970000044,0.9663214597570949
embroidered ribbon reel ruby,604.3,9957637.270000044,0.9663801065507625
felt toadstool  small,602.63,9958239.900000045,0.9664385912723706
moody boy  door hanger,602.18,9958842.080000045,0.966497032321867
rose folkart heart decorations,600.93,9959443.010000044,0.9665553520599417
12 daisy pegs in wood box,600.8699999999999,9960043.880000044,0.9666136659750681
envelope 50 blossom images,600.29,9960644.170000043,0.9666719236016948
swiss chalet tree decoration,598.8199999999999,9961242.990000043,0.96673003856609
easter decoration hanging bunny,596.5,9961839.490000043,0.9667879283764864
set of 4 napkin charms stars,596.36,9962435.850000042,0.9668458046000037
origami jasmine incense/candle set,595.85,9963031.700000042,0.9669036313284609
small stripes chocolate gift bag,594.51,9963626.210000042,0.9669613280110742
pack of 12 dolly girl tissues,593.62,9964219.830000041,0.9670189383199552
set of picture frame  stickers,593.37,9964813.20000004,0.9670765243665519
bunny decoration magic garden,593.14,9965406.34000004,0.9671340880918472
skulls  design  cotton tote bag,590.67,9965997.01000004,0.9671914121057732
dark bird house tree decoration,590.13,9966587.140000042,0.9672486837131653
hairclips forties fabric assorted,587.86,9967175.000000041,0.9673057350190155
set 12 vintage doily chalk,587.49,9967762.490000041,0.967362750416685
pink hearts light chain,587.2,9968349.69000004,0.9674197376701046
pink paisley square tissue box,586.82,9968936.51000004,0.9674766880448521
egg cup milkmaid helga,586.31,9969522.820000041,0.9675335889245397
folk felt hanging multicol garland,585.86,9970108.68000004,0.9675904461321152
lets go shopping cotton tote bag,585.34,9970694.02000004,0.9676472528741396
decorative plant pot with frieze,584.37,9971278.39000004,0.9677039654785006
pink cat bowl,583.33,9971861.72000004,0.9677605771517589
blue charlie+lola personal doorsign,583.23,9972444.95000004,0.9678171791201036
hyacinth bulb t-light candles,583.12,9973028.07000004,0.967873770413043
red flock love heart photo frame,582.03,9973610.100000039,0.9679302559224228
squarecushion cover pink union jack,581.23,9974191.33000004,0.9679866637924929
set/6 fruit salad  paper plates,581.09,9974772.420000039,0.9680430580756836
yellow shark helicopter,580.36,9975352.780000038,0.9680993815130041
jardin etched glass cheese dish,579.35,9975932.130000038,0.968155606930696
pink padded mobile,577.79,9976509.920000037,0.9682116809517336
rustic strawberry jam pot large,577.48,9977087.400000038,0.9682677248875389
felt egg cosy blue rabbit,577.4399999999999,9977664.840000037,0.9683237649413784
silver christmas tree bauble stand,577.35,9978242.190000037,0.9683797962607957
white goose feather tree 60cm,575.55,9978817.740000037,0.9684356528917659
gift bag birthday,575.4200000000001,9979393.160000037,0.9684914969063483
glass twist bon bon jar,575.25,9979968.410000037,0.9685473244225773
6pc wood plate set disposable,574.88,9980543.290000038,0.9686031160306255
angel decoration painted zinc,574.5400000000001,9981117.830000037,0.968658874641967
butterflies stickers,573.36,9981691.190000037,0.9687145187353264
butterfly crochet food cover,572.23,9982263.420000037,0.9687700531631608
french style embossed heart cabinet,571.43,9982834.850000037,0.9688255099516854
beaded crystal heart pink large,569.29,9983404.140000036,0.968880759055056
dinosaur height chart sticker set,568.98,9983973.120000036,0.9689359780731941
edwardian photo frame,568.71,9984541.830000037,0.9689911708880653
acrylic geometric lamp,568.65,9985110.480000038,0.9690463578799882
laurel star antique silver,568.6,9985679.080000037,0.9691015400194541
pack of 12 vintage leaf tissues,567.9499999999999,9986247.030000037,0.9691566590769808
garage key fob,567.76,9986814.790000036,0.9692117596951714
vintage coffee grinder box,566.1800000000001,9987380.970000036,0.9692667069757251
set 4 valentine decoupage heart box,566.1800000000001,9987947.150000036,0.9693216542562788
red white scarf  hot water bottle,566.1700000000001,9988513.320000036,0.9693766005663411
blue tea towel classic design,565.86,9989079.180000035,0.9694315167911709
feltcraft doll maria,564.9200000000001,9989644.100000035,0.9694863417898116
romantic images notebook set,564.35,9990208.450000035,0.9695411114704441
tree t-light holder willie winkie,562.2199999999999,9990770.670000035,0.9695956744364141
pack 6 heart/ice-cream patches,561.87,9991332.540000034,0.969650203435186
set/4 badges balloon girl,561.84,9991894.380000034,0.9697047295224839
yuletide images gift wrap set,561.34,9992455.720000034,0.9697592070852131
pink glass candleholder,561.32,9993017.040000034,0.9698136827069596
"decoration , wobbly rabbit , metal",560.93,9993577.970000034,0.9698681204795425
pink rose washbag,560.62,9994138.590000033,0.9699225281668927
set of 6 vintage notelets kit,560.11,9994698.700000033,0.9699768863591831
white baroque wall clock,559.0,9995257.700000033,0.970031136826931
silver diamante pen in gift box,558.83,9995816.530000033,0.9700853707963256
eau de nile heart shape photo frame,558.42,9996374.950000033,0.970139564975574
square mini portrait frame,558.12,9996933.070000032,0.970193730040081
pink  honeycomb paper fan,558.07,9997491.140000032,0.9702478902521312
carnival bracelet,558.03,9998049.170000032,0.970302046582216
pink jewelled photo frame,557.91,9998607.080000032,0.9703561912664043
vintage glass coffee caddy,557.3000000000001,9999164.380000032,0.9704102767506189
s/12 mini rabbit easter,556.53,9999720.910000032,0.9704642875069976
embossed heart trinket box,555.59,10000276.500000032,0.9705182070371874
set of 4 black lovebird coasters,554.78,10000831.280000031,0.9705720479575759
blue glass gems in bag,553.8299999999999,10001385.110000031,0.970625796681284
set of 4 pistachio lovebird coaster,553.8,10001938.910000032,0.9706795424935182
tumbler new england,553.53,10002492.440000031,0.970733262102485
pink and white christmas tree 120cm,553.07,10003045.510000031,0.9707869370688488
woodland small red felt heart,552.85,10003598.360000031,0.9708405906844023
retro longboard ironing board cover,552.76,10004151.12000003,0.9708942355655336
assorted tutti frutti notebook,551.96,10004703.080000032,0.970947802807355
black christmas tree 120cm,551.13,10005254.210000033,0.9710012894983926
folkart heart napkin rings,551.13,10005805.340000033,0.97105477618943
origami rose incense/candle set,550.64,10006355.980000034,0.9711082153263902
calendar family favourites,550.6,10006906.580000034,0.9711616505813849
blue polkadot egg cup,550.43,10007457.010000033,0.9712150693380261
medium parlour picture frame,550.0,10008007.010000033,0.9712684463635385
felt egg cosy white rabbit,549.81,10008556.820000034,0.9713218049497148
pack of 6 panettone gift boxes,548.63,10009105.450000035,0.971375049017909
wrap bird garden,548.1,10009653.550000034,0.9714282416500604
gold fishing gnome,546.6,10010200.150000034,0.9714812887085059
cut glass t-light holder octagon,546.49,10010746.640000034,0.9715343250915462
boys alphabet iron on patches,546.04,10011292.680000033,0.9715873178024748
empire birthday card,543.76,10011836.440000033,0.9716400892413704
doorstop football design,543.65,10012380.090000033,0.9716928500048608
hanging heart bonheur,538.75,10012918.840000033,0.9717451352275785
set of 2 round tins dutch cheese,538.0600000000001,10013456.900000034,0.9717973534863916
blue new baroque candlestick candle,536.41,10013993.310000034,0.9718494116141281
card dog and ball,535.78,10014529.090000033,0.9719014086009079
metal sign cupcake single hook,535.49,10015064.580000034,0.9719533774434381
candy spot hand bag,534.83,10015599.410000034,0.9720052822335377
henrietta hen mug,534.66,10016134.070000034,0.9720571705252838
childs garden trowel pink,533.16,10016667.230000034,0.972108913243324
mini jigsaw bake a cake,531.64,10017198.870000035,0.9721605084466757
origami sandlewood incense/cand set,530.6,10017729.470000034,0.9722120027189244
enamel blue rim biscuit bin,530.49,10018259.960000034,0.9722634863157681
christmas tree decoration with bell,530.26,10018790.220000034,0.9723149475913102
antique cream cutlery cupboard,530.19,10019320.410000034,0.9723664020734126
single wire hook pink heart,530.15,10019850.560000034,0.9724178526735496
metal tube chime on bamboo,529.21,10020379.770000035,0.9724692120474976
wrap wedding day,528.5,10020908.270000035,0.9725205025165581
party invites dinosaurs,528.2299999999999,10021436.500000035,0.9725717667823515
heart beaded trellis decoration,528.1700000000001,10021964.670000035,0.9726230252251966
wrap monster fun,527.94,10022492.610000035,0.9726742613467402
weekend bag vintage rose paisley,527.85,10023020.460000034,0.9727254887338613
french lattice cushion cover,527.25,10023547.710000034,0.9727766578915001
enamel pink tea container,526.22,10024073.930000035,0.9728277270885276
decoration  pink chick magic garden,525.9399999999999,10024599.870000035,0.9728787691117965
silver glass t-light set,525.75,10025125.620000035,0.9729297926957294
eau de nile jewelled photoframe,525.0,10025650.620000035,0.9729807434928093
blue dragonfly helicopter,524.5500000000001,10026175.170000035,0.9730316506177775
fuschia retro bar stool,523.3000000000001,10026698.470000036,0.9730824364313241
easter tin chicks in garden,522.93,10027221.400000036,0.9731331863366898
pink heart shape photo frame,522.56,10027743.960000036,0.9731839003338748
wall art i love london,521.73,10028265.690000037,0.9732345337802758
egg frying pan pink,521.33,10028787.020000037,0.9732851284070219
beaded crystal heart green on stick,521.11,10029308.130000036,0.9733357016829576
danish rose bedside cabinet,519.35,10029827.480000036,0.9733861041524118
blue tv tray table,518.61,10030346.090000035,0.9734364348055042
blue paisley sketchbook,517.22,10030863.310000036,0.973486630560296
painted yellow wooden daisy,516.79,10031380.100000035,0.9735367845839588
folding umbrella white/red polkadot,513.02,10031893.120000035,0.9735865727323738
t-light holder white lace,512.93,10032406.050000034,0.9736363521463666
ivory wire sweetheart letter tray,511.89,10032917.940000035,0.9736860306292566
orange scented set/9 t-lights,511.04999999999995,10033428.990000036,0.9737356275908713
pocket bag pink paisely brown spot,510.84,10033939.830000035,0.9737852041721671
red/cream stripe cushion cover,509.9,10034449.730000036,0.9738346895272739
ridged glass finger bowl,509.36,10034959.090000035,0.9738841224758464
cupid design scented candles,509.07,10035468.160000036,0.9739335272801692
pack 20 english rose paper napkins,508.36999999999995,10035976.530000035,0.9739828641500959
wall art animals and nature,508.34000000000003,10036484.870000035,0.9740321981085485
pink polkadot childrens umbrella,506.96,10036991.830000035,0.9740813981391917
vintage red teatime mug,506.65,10037498.480000036,0.9741305680846022
squarecushion cover pink union flag,506.34000000000003,10038004.820000036,0.9741797079447803
paper lantern 9 point holly star l,506.01,10038510.830000035,0.9742288157787429
frappucino scarf knitting kit,505.69,10039016.520000035,0.9742778925569816
rose du sud oven glove,505.20000000000005,10039521.720000034,0.974326921781143
glass bonne jam jar,504.97,10040026.690000035,0.9743759286840029
party cones carnival assorted,504.88,10040531.570000036,0.9744249268524405
decoration wobbly rabbit metal,504.46,10041036.030000037,0.9744738842602405
beach hut shelf w 3 drawers,504.43,10041540.460000036,0.9745228387565662
silver roccoco chandelier,504.32,10042044.780000037,0.9745717825774869
union stripe cushion cover,503.75,10042548.530000037,0.9746206710803993
set of 6 ribbons country style,502.07000000000005,10043050.600000037,0.974669396540761
folding umbrella pinkwhite polkadot,501.98,10043552.580000037,0.9747181132667004
midnight glamour scarf knitting kit,501.44,10044054.020000037,0.9747667775861056
poppy fields chopping board,501.23,10044555.250000037,0.9748154215251922
garden path sketchbook,501.07,10045056.320000038,0.9748640499364166
snowstorm photo frame fridge magnet,500.90999999999997,10045557.230000038,0.9749126628197791
set of 36 dinosaur paper doilies,499.08,10046056.310000038,0.9749610981032203
pink paisley rose gift wrap,498.5,10046554.810000038,0.9750094770981619
childs garden rake blue,496.99,10047051.800000038,0.9750577095489062
columbian candle round,496.0,10047547.800000038,0.9751058459210046
retrospot babushka doorstop,495.2,10048043.000000037,0.975153904653793
toast its - happy birthday,494.54,10048537.540000036,0.9752018993341508
blue  diamante pen in gift box,493.08,10049030.620000036,0.9752497523227683
pink/white christmas tree 60cm,493.01,10049523.630000036,0.9752975985179461
woven frost cushion cover,492.79,10050016.420000035,0.9753454233623137
vintage pink decorative parasol,489.74,10050506.160000036,0.9753929522068125
hanging spring flower egg small,489.17,10050995.330000035,0.9754404257333033
dolly honeycomb garland,487.11,10051482.440000035,0.9754876993385709
pink union jack  luggage tag,486.5,10051968.940000035,0.975534913743865
painted pink rabbit,486.01,10052454.950000035,0.9755820805950818
danish rose trinket trays,484.63,10052939.580000035,0.9756291135184891
origami lavender incense/candl set,484.34999999999997,10053423.930000035,0.975676119268138
laurel star antique gold,483.03,10053906.960000034,0.9757229969129255
assorted mini madras notebook,481.95,10054388.910000034,0.9757697697446448
set of 4 napkin charms crowns,481.88,10054870.790000034,0.9758165357829247
jigsaw tree with watering can,480.91999999999996,10055351.710000034,0.9758632086540326
cosy hour giant tube matches,480.75,10055832.460000034,0.9759098650267872
pink enamel+glass hair comb,480.5,10056312.960000034,0.9759564971372575
cosy slipper shoes large green,480.1700000000001,10056793.130000034,0.9760030972215125
elephant birthday card,479.82,10057272.950000035,0.9760496633385695
classic glass sweet jar,479.45000000000005,10057752.400000034,0.9760961935474455
fairy soap soap holder,478.83,10058231.230000034,0.9761426635858564
small pink glass sundae dish,478.72,10058709.950000035,0.9761891229488624
pantry hook balloon whisk,477.89,10059187.840000035,0.9762355017610844
baby boom ribbons,477.34,10059665.180000035,0.9762818271962809
ladybird + bee raffia food cover,476.41,10060141.590000035,0.9763280623757796
set of 6 ribbons party,476.0,10060617.590000035,0.9763742577651321
candy spot egg warmer hare,475.18,10061092.770000035,0.9764203735741919
cake stand victorian filigree large,471.86,10061564.630000034,0.9764661671801159
mirrored wall art photo frames,470.16999999999996,10062034.800000034,0.9765117967729979
flying pig watering can,469.90000000000003,10062504.700000035,0.9765574001626129
wall art cat and bird,469.73,10062974.430000035,0.9766029870538746
party food shopper bag,469.63,10063444.060000036,0.9766485642402225
crazy daisy heart decoration,468.39,10063912.450000037,0.9766940210856402
blue polkadot passport cover,466.99,10064379.440000037,0.9767393420622656
gold photo frame,466.53000000000003,10064845.970000036,0.9767846183962878
white hand towel with butterfly,466.3,10065312.270000037,0.9768298724090086
ceramic love heart money bank,466.18,10065778.450000037,0.9768751147758329
pack of 12 red apple tissues,465.36,10066243.810000036,0.9769202775623644
mirrored wall art skulls,463.79,10066707.600000035,0.9769652879817504
small parlour picture frame,462.45,10067170.050000034,0.9770101683552924
childs garden rake pink,462.33000000000004,10067632.380000034,0.9770550370829381
black christmas tree 60cm,460.64,10068093.020000035,0.9770997417975418
wrap keep calm birthday,460.5,10068553.520000035,0.9771444329252661
party pizza dish pink polkadot,460.38,10069013.900000036,0.977189112407094
party invites jazz hearts,458.31,10069472.210000036,0.9772335909972079
party invites spaceman,458.22999999999996,10069930.440000037,0.9772780618233906
ridged bonne jam jar t-light holder,457.61999999999995,10070388.060000036,0.9773224734495995
set/4 badges dogs,457.51,10070845.570000036,0.9773668744004034
paper lantern 5 point star moon,456.48,10071302.050000036,0.9774111753905959
assorted laquered incense holders,455.9800000000001,10071758.030000037,0.9774554278562197
lilac diamante pen in gift box,454.99,10072213.020000037,0.9774995842431976
set of 3 gold flying ducks,454.65,10072667.670000037,0.9775437076334689
easter decoration sitting bunny,454.5,10073122.170000037,0.9775878164663695
clam shell small,454.42,10073576.590000037,0.9776319175353391
pink flower fabric pony,453.73,10074030.320000038,0.977675951640404
hand towel pale blue w flowers,453.39,10074483.710000038,0.9777199527487623
eau de nil love bird candle,452.86,10074936.570000038,0.9777639024210777
mini playing cards fun fair,452.72,10075389.290000038,0.977807838506514
pack 3 boxes bird panettone,451.84,10075841.130000038,0.9778516891887093
party invites football,451.7,10076292.830000037,0.9778955262840254
assorted tutti frutti keyring ball,451.59,10076744.420000037,0.9779393527039365
wrap magic forest,451.5,10077195.920000037,0.9779831703894253
doormat friendship,451.10999999999996,10077647.030000037,0.9780269502257504
abstract circle journal,449.8,10078096.830000037,0.9780706029277058
set of 4 napkin charms 3 keys,449.39,10078546.220000038,0.9781142158395149
christmas musical zinc tree,447.35999999999996,10078993.580000037,0.9781576317415751
red heart luggage tag,447.34,10079440.920000037,0.9782010457026526
mirrored wall art stars,447.09000000000003,10079888.010000037,0.9782444354014459
new baroque jewellery box,446.89,10080334.900000038,0.9782878056904118
plasmatronic lamp,446.45,10080781.350000037,0.9783311332777571
rectangular shaped mirror,446.15000000000003,10081227.500000037,0.9783744317503613
paperweight childhood memories,445.44,10081672.940000037,0.9784176613180781
set of 4 napkin charms leaves,445.16999999999996,10082118.110000037,0.9784608646825277
ridged glass posy vase,444.58,10082562.690000037,0.9785040107879863
rabbit  design  cotton tote bag,444.07,10083006.760000037,0.9785471073983849
vintage keepsake box travelogue,441.89,10083448.650000038,0.9785899924416643
green fern journal,441.12,10083889.770000037,0.9786328027571078
silver glitter flower votive holder,441.07,10084330.840000037,0.9786756082200946
ivory string curtain with pole,440.62,10084771.460000036,0.9787183700109695
tropical passport cover,439.65,10085211.110000037,0.9787610376641813
eight piece snake  set,439.54,10085650.650000036,0.9788036946419879
beaded crystal heart blue  large,438.87,10086089.520000035,0.9788462865968725
small licorice des pink bowl,437.2,10086526.720000034,0.9788887164796979
mini jigsaw bunnies,436.09,10086962.810000034,0.9789310386379808
table lamp white shade wood base,434.12,10087396.930000033,0.9789731696094632
vintage bead notebook,433.19,10087830.120000033,0.9790152103252481
black baroque carriage clock,432.78999999999996,10088262.910000032,0.979057212221378
bunny wooden painted with flower,432.46,10088695.370000033,0.9790991820912927
large parlour picture frame,431.98,10089127.350000033,0.9791411053776214
blue scottie dog w flower pattern,431.72999999999996,10089559.080000034,0.9791830044016658
christmas hanging snowflake,430.86,10089989.940000033,0.9792248189929608
mrs robot soft toy,428.85,10090418.790000033,0.9792664385154897
rose du sud drawstring bag,428.66,10090847.450000033,0.9793080395986826
set/6 fruit salad paper cups,428.28000000000003,10091275.730000032,0.9793496038032034
union flag windsock,428.19,10091703.920000032,0.9793911592733017
"charlie+lola""extremely busy"" sign",428.0,10092131.920000032,0.9794326963040639
vintage shells print,427.46000000000004,10092559.380000032,0.9794741809282922
retro plastic polka tray,426.65999999999997,10092986.040000033,0.9795155879132105
white stitched cushion cover,426.13,10093412.170000033,0.9795569434620861
dog and ball wall art,425.87999999999994,10093838.050000034,0.9795982747486774
glass chalice blue small,425.08,10094263.130000034,0.9796395283959588
set/3 pot plant candles,424.46000000000004,10094687.590000035,0.9796807218727752
ivory pillar candle gold flock,424.08000000000004,10095111.670000035,0.9797218784709193
3d sheet of dog stickers,423.99,10095535.660000036,0.9797630263346411
chrysanthemum sketchbook,423.55,10095959.210000036,0.9798041314967424
green sweetheart bracelet,423.41,10096382.620000036,0.9798452230719645
lazer cut necklace w pastel beads,421.75,10096804.370000036,0.9798861535456187
red shark helicopter,421.18,10097225.550000036,0.9799270287012647
green fern sketchbook,420.08,10097645.630000036,0.9799677971028595
blue scandinavian paisley wrap,420.0,10098065.630000036,0.9800085577405235
silver fishing gnome,419.52000000000004,10098485.150000036,0.9800492717946016
set/12 funky felt flower peg in bag,419.01000000000005,10098904.160000036,0.9800899363536195
summer daisies bag charm,417.96,10099322.120000036,0.9801304990110434
money box pocket money design,417.86,10099739.980000036,0.9801710519635535
danish rose deluxe coaster,417.34999999999997,10100157.330000035,0.9802115554210036
candle plate lace white,416.59999999999997,10100573.930000035,0.9802519860916006
jingle bells tree decoration,415.77,10100989.700000035,0.9802923362114138
ping! microwave plate,415.09000000000003,10101404.790000034,0.9803326203378135
glitter christmas tree,414.63,10101819.420000035,0.9803728598216103
lolita  design  cotton tote bag,414.22,10102233.640000036,0.9804130595152607
retrospot candle  medium,413.88,10102647.520000037,0.9804532262122045
cakes and bows gift  tape,413.76,10103061.280000037,0.9804933812632517
ant copper lime boudicca bracelet,412.74,10103474.020000037,0.9805334373241789
dolly cabinet 2 drawers,412.5,10103886.520000037,0.9805734700933131
home sweet home hook,412.17999999999995,10104298.700000037,0.9806134718067233
white candystuft artificial flower,411.55999999999995,10104710.260000037,0.9806534133496686
pin cushion babushka blue,410.81,10105121.070000038,0.9806932821057608
silver photo frame,409.83,10105530.900000038,0.9807330557536984
hanging wood and felt butterfly,409.41,10105940.310000038,0.9807727886409984
house shape pencil sharpener,407.71999999999997,10106348.030000038,0.9808123575152564
gingham babushka doorstop,406.49,10106754.520000039,0.9808518070190755
folkart clip on stars,405.25,10107159.770000039,0.9808911361819643
egg frying pan blue,405.0,10107564.770000039,0.9809304410825689
money box kings choice design,403.46,10107968.23000004,0.980969596527502
mini ladle love heart red,401.59999999999997,10108369.83000004,0.9810085714610397
"decoration , wobbly chicken, metal",401.0199999999999,10108770.850000039,0.9810474901060777
snack tray red vintage doily,400.03999999999996,10109170.890000038,0.9810863136429612
red retro kitchen wall clock,400.01,10109570.900000038,0.9811251342683706
t-light holder silver heart handle,399.71,10109970.610000039,0.9811639257790389
party pizza dish blue polkadot,399.62,10110370.230000038,0.9812027085552846
tuscan villa dovecote bird feeder,399.03,10110769.260000037,0.9812414340725394
condiment tray 4 bowls and 4 spoons,399.02,10111168.280000037,0.9812801586193028
gold standing gnome,398.02,10111566.300000036,0.981318786116929
s/2 zinc heart design planters,398.0,10111964.300000036,0.9813574116735724
essential balm 3.5g tin in envelope,395.61,10112359.910000036,0.9813958052827777
heart trellis triple t-light holder,395.11,10112755.020000035,0.9814341503674142
assorted colour lizard suction hook,395.09999999999997,10113150.120000035,0.9814724944815595
felt farm animal chicken,394.15,10113544.270000035,0.9815107463990244
milk maids mug,393.59,10113937.860000035,0.9815489439689723
birthday banquet gift wrap,393.5,10114331.360000035,0.9815871328044979
pink rose fabric mirror,393.46999999999997,10114724.830000035,0.9816253187285495
black sweetheart bracelet,392.83,10115117.660000036,0.9816634425411531
vegetable garden chopping board,392.34000000000003,10115510.000000035,0.9817015187996795
asstd design 3d paper stickers,391.93,10115901.930000035,0.9817395552680594
ivory sweetheart soap dish,390.75000000000006,10116292.680000035,0.9817774772184575
set/3 polkadot stacking tins,389.55,10116682.230000036,0.9818152827098909
mirrored wall art snowflakes,389.04,10117071.270000035,0.9818530387062641
egg frying pan mint,388.75,10117460.020000035,0.9818907665583876
blue victorian fabric oval box,388.57,10117848.590000035,0.9819284769416663
bell heart decoration,387.0,10118235.590000035,0.9819660349577995
hearts gift tape,386.77000000000004,10118622.360000035,0.9820035706526311
blue patch purse pink heart,386.32,10119008.680000035,0.982041062675351
white moroccan metal lantern,385.29999999999995,10119393.980000036,0.9820784557079508
green bitty light chain,383.25,10119777.230000036,0.9821156497898191
cute cats tape,383.11,10120160.340000035,0.9821528302848083
multicolour  confetti in tube,382.9599999999999,10120543.300000036,0.9821899962224269
blue cushion cover with flower,381.78000000000003,10120925.080000035,0.9822270476420633
party pizza dish green polkadot,381.65999999999997,10121306.740000036,0.9822640874158033
hawaiian grass skirt,380.36,10121687.100000035,0.9823010010256649
popart wooden pencils asst,380.0,10122067.100000035,0.9823378796978369
la jardin botanique cushion cover,379.28,10122446.380000034,0.9823746884946302
woven sunset cushion cover,378.29,10122824.670000033,0.9824114012127775
ant copper turq boudicca bracelet,377.88,10123202.550000034,0.9824480741407786
pink polkadot plate,377.56,10123580.110000035,0.9824847160130558
ribbons purse,377.2,10123957.310000034,0.9825213229476434
turq+red boudicca large bracelet,377.04,10124334.350000033,0.982557914354369
pair padded hangers pink check,376.27000000000004,10124710.620000033,0.982594431033259
retrospot candle  small,376.18,10125086.800000032,0.9826309389777267
origami vanilla incense/candle set,375.93,10125462.730000032,0.9826674226599099
madras notebook large,374.96000000000004,10125837.690000033,0.9827038122044301
grass hopper wooden wall clock,374.12,10126211.810000032,0.982740120227675
dollcraft boy jean-paul,373.9,10126585.710000033,0.9827764069001096
camouflage ear muff headphones,373.57,10126959.280000033,0.982812661546329
strawberries  design flannel,373.34,10127332.620000033,0.9828488938712466
animal stickers,372.33,10127704.950000033,0.9828850281765358
hand towel pink flower and daisy,372.33,10128077.280000033,0.9829211624818248
silver vanilla  flower candle pot,369.87,10128447.150000032,0.9829570580462361
pink & white breakfast tray,369.84000000000003,10128816.990000032,0.9829929506991733
snack tray paisley park,367.34999999999997,10129184.340000032,0.9830286016997586
magic drawing slate leap frog,366.75,10129551.090000032,0.9830641944708616
chalkboard kitchen organiser,366.73,10129917.820000032,0.9830997853009819
easter decoration natural chick,366.15000000000003,10130283.970000032,0.9831353198426025
rose du sud cosmetics bag,365.09,10130649.060000032,0.9831707515121375
glass chalice green  large,364.22,10131013.280000033,0.9832060987489232
snack tray i love london,362.65,10131375.930000033,0.9832412936185633
retrospot candle  large,362.12,10131738.050000032,0.9832764370521605
smallfolkart bauble christmas dec,361.81,10132099.860000033,0.9833115504005253
pink spots chocolate nesting boxes,361.55999999999995,10132461.420000033,0.9833466394866057
paper lantern 9 point holly star s,361.04,10132822.460000033,0.9833816781071346
small folding scissor(pointed edge),360.71,10133183.170000033,0.9834166847014484
decorative hanging shelving unit,359.70000000000005,10133542.870000033,0.9834515932761334
small folkart star christmas dec,359.6,10133902.470000032,0.9834864921459047
party invites balloon girl,359.28999999999996,10134261.760000031,0.9835213609304433
blue & white breakfast tray,358.1,10134619.860000031,0.9835561142265087
green enamel+glass hair comb,357.74,10134977.600000031,0.9835908325848847
denim patch purse pink butterfly,357.28999999999996,10135334.89000003,0.9836255072711487
green goose feather tree 60cm,356.96999999999997,10135691.860000031,0.983660150901689
skulls square tissue box,356.46000000000004,10136048.320000032,0.9836947450371692
heart buttons jewellery box,356.11,10136404.430000031,0.9837293052054513
pink love bird candle,356.08,10136760.510000031,0.9837638624622594
black love bird candle,356.06,10137116.570000032,0.9837984177780847
pack 3 iron on dog patches,355.84,10137472.410000032,0.9838329517430998
panda and bunnies sticker sheet,355.83,10137828.240000032,0.9838674847376235
rose du sud washbag,354.14,10138182.380000032,0.9839018537191052
cubic mug pink polkadot,354.03,10138536.410000032,0.9839362120251818
small pop box funky monkey,353.98,10138890.390000032,0.9839705654788015
ridged glass storage jar cream lid,353.97,10139244.360000033,0.9840049179619299
alphabet hearts sticker sheet,353.47999999999996,10139597.840000033,0.984039222890981
pantry hook tea strainer,353.45,10139951.290000033,0.9840735249085579
pantry hook spatula,353.36,10140304.650000032,0.9841078181917124
set/4 badges beetles,353.19,10140657.840000032,0.9841420949765136
red victorian fabric oval box,352.25,10141010.090000032,0.9841762805351258
blue polkadot luggage tag,350.61,10141360.70000003,0.9842103069331528
ceramic strawberry trinket tray,350.46999999999997,10141711.170000032,0.9842443197443006
magic drawing slate go to the fair,349.87,10142061.04000003,0.9842782743259659
decoration sitting bunny,349.54,10142410.58000003,0.984312196881416
scotties childrens apron,348.91999999999996,10142759.50000003,0.984346059266401
wake up cockerel calendar sign,348.59000000000003,10143108.09000003,0.9843798896251706
fruit tree and birds wall plaque,348.53,10143456.620000029,0.9844137141609921
porcelain rose large,348.43000000000006,10143805.050000029,0.9844475289918998
gemstone chandelier t-light holder,347.70000000000005,10144152.750000028,0.9844812729769372
green cat floral cushion cover,345.17,10144497.920000028,0.9845147714276573
hello sailor blue soap holder,344.34000000000003,10144842.260000028,0.9845481893275935
beaded crystal heart pink small,343.99,10145186.250000028,0.9845815732603317
mirror mosaic candle plate,343.71,10145529.960000029,0.9846149300193114
silver flowr pink shell necklace,342.76000000000005,10145872.720000029,0.9846481945816107
silver rococo candle stick,340.7,10146213.420000028,0.984681259222687
wall art treasure ahoy,340.35,10146553.770000027,0.9847142898965654
set/4 badges cute creatures,340.22,10146893.990000028,0.984747307954056
photo clip line,338.73,10147232.720000029,0.9847801814083319
mini jigsaw dinosaur,338.23,10147570.950000029,0.9848130063380393
white sage incense,337.14,10147908.09000003,0.984845725484187
coffee scent pillar candle,336.73999999999995,10148244.83000003,0.9848784058106798
dollcraft girl nicole,336.6,10148581.43000003,0.9849110725502933
flowers tile coaster,334.76,10148916.19000003,0.9849435607194942
mini  zinc garden decorations,334.03,10149250.220000029,0.9849759780428248
cinnamon scented votive candle,333.2,10149583.420000028,0.9850083148153714
felt farm animal hen,332.84,10149916.260000028,0.9850406166502287
black love bird t-light holder,332.14,10150248.400000028,0.9850728505506899
small kitchen flower pots plaque,331.5,10150579.900000028,0.9851050223397032
door hanger  mum + dads room,330.71999999999997,10150910.620000029,0.9851371184303895
purple sweetheart bracelet,328.44,10151239.060000028,0.9851689932490427
doiley biscuit tin,327.6,10151566.660000028,0.9852007865464205
piece of camo stationery set,326.56,10151893.220000029,0.9852324789126956
hanging wood and felt flower,325.96,10152219.18000003,0.9852641130494885
candle holder silver madeline,325.15999999999997,10152544.34000003,0.9852956695469713
woodland large pink felt heart,324.40000000000003,10152868.74000003,0.9853271522871099
chunky silver necklace pastel flowe,324.01,10153192.75000003,0.9853585971780848
cat and bird wall art,323.64,10153516.39000003,0.985390006160879
doily thank you card,323.32,10153839.71000003,0.9854213840879493
pink felt easter rabbit garland,323.15,10154162.860000031,0.9854527455166663
pink scottie dog w flower pattern,322.53999999999996,10154485.40000003,0.9854840477454093
blue paisley tissue box,322.18,10154807.58000003,0.9855153150364631
blue egg  spoon,322.18,10155129.76000003,0.9855465823275167
party time pencil erasers,322.09,10155451.85000003,0.9855778408841481
charlotte bag alphabet  design,320.5,10155772.35000003,0.9856089451326512
skulls storage box large,320.49,10156092.84000003,0.9856400484106629
kitty pencil erasers,320.09,10156412.93000003,0.9856711128690196
mirrored wall art poppies,319.71,10156732.64000003,0.9857021404487043
forked cactus candle,319.66,10157052.30000003,0.9857331631759321
space owl,319.5,10157371.80000003,0.9857641703752978
milk pan pink polkadot,319.35,10157691.15000003,0.985795163017293
decoration wobbly chicken,319.14,10158010.29000003,0.9858261352789695
ant copper pink boudicca bracelet,318.89000000000004,10158329.180000031,0.9858570832783615
set of 6 halloween ghost t-lights,318.66999999999996,10158647.850000031,0.9858880099269433
green heart compact mirror,318.31,10158966.160000032,0.9859189016378358
black ear muff headphones,318.19,10159284.350000031,0.9859497817028317
funky monkey cushion cover,317.16999999999996,10159601.520000031,0.9859805627777075
newspaper stand,316.95000000000005,10159918.47000003,0.9860113225017731
set/6 black bird t-light candles,316.75,10160235.22000003,0.9860420628160113
peach knitted hen,316.46,10160551.680000031,0.9860727749859998
vintage rose bead bracelet raspberr,315.73,10160867.410000032,0.986103416310118
large camphor wood field mushroom,315.27,10161182.680000031,0.986134012991633
hanging wood and felt heart,314.81,10161497.490000032,0.986164565030545
scotties design washbag,314.54999999999995,10161812.040000033,0.9861950918366811
pink gingham cat with scarf,314.51,10162126.550000032,0.9862256147608518
baby mouse red gingham dress,314.5,10162441.050000032,0.986256136714531
fairy dreams incense,313.31,10162754.360000033,0.9862865431797371
skulls design flannel,313.01,10163067.370000033,0.9863169205302018
miseltoe heart wreath,312.8,10163380.170000033,0.9863472775003478
floor lamp shade wood base,312.7,10163692.870000033,0.9863776247655798
set of 4 polkadot coasters,312.53,10164005.400000032,0.9864079555324586
christmas hanging heart with bell,311.34999999999997,10164316.750000032,0.9864381717813554
green birdhouse decoration,310.49,10164627.240000032,0.9864683045679942
kittens design flannel,310.19,10164937.430000031,0.9864984082398917
set/6 bead coasters gauze bag gold,309.29999999999995,10165246.730000032,0.9865284255380571
set of 2 tea towels ping microwave,309.11,10165555.840000032,0.9865584243968863
lovely bonbon sticker sheet,307.44,10165863.280000031,0.9865882611836563
set of 3 pantry wooden spoons,306.66,10166169.940000031,0.9866180222720992
black square table clock,305.2,10166475.14000003,0.9866476416688016
miseltoe heart wreath white,304.5,10166779.64000003,0.9866771931311079
botanical rose gift wrap,304.5,10167084.14000003,0.9867067445934142
christmas card screen print,304.5,10167388.64000003,0.9867362960557207
3 traditional cookie cutters  set,304.20000000000005,10167692.84000003,0.9867658184032857
set of 4 napkin charms instrument,303.72999999999996,10167996.57000003,0.9867952951377563
blue retro kitchen wall clock,301.88,10168298.45000003,0.9868245923313231
columbian candle rectangle,301.85999999999996,10168600.31000003,0.9868538875839069
wall art dog and ball,301.56,10168901.87000003,0.9868831537217497
white/pink chick decoration,301.26,10169203.13000003,0.9869123907448512
money box biscuits design,299.72,10169502.850000031,0.9869414783122813
wood and glass medicine cabinet,299.5,10169802.350000031,0.9869705445289012
paint your own eggs in crate,299.36,10170101.71000003,0.9869995971586418
vintage notebook paris days,298.27,10170399.98000003,0.9870285440048228
amethyst chunky bead bracelet w str,297.94,10170697.92000003,0.9870574588247883
4 sky blue dinner candles,297.91,10170995.83000003,0.98708637073328
mini ladle love heart pink,297.82,10171293.65000003,0.9871152739073492
cordial glass jug,297.13,10171590.780000031,0.9871441101175138
mixed nuts light green bowl,296.45,10171887.23000003,0.9871728803342649
wrap christmas screen print,296.25,10172183.48000003,0.9872016311411885
dollcraft girl amelie kit,294.7,10172478.18000003,0.9872302315219493
easter bunny garland of flowers,293.8,10172771.98000003,0.9872587445584866
woven candy cushion cover,292.56,10173064.54000003,0.9872871372540938
queen of skies luggage tag,292.29,10173356.83000003,0.9873155037464336
multicolour rabbit egg warmer,292.07,10173648.90000003,0.9873438488879634
blue birdhouse decoration,292.03,10173940.93000003,0.9873721901475276
decorative vintage coffee  box,291.85,10174232.78000003,0.9874005139382472
egg cup henrietta hen pink,291.58,10174524.36000003,0.9874288115256997
4 purple flock dinner candles,290.8,10174815.16000003,0.9874570334148252
ivory hanging decoration  egg,290.2,10175105.36000003,0.9874851970744681
curio cabinet linen and lace,290.1,10175395.460000029,0.9875133510291974
lunch bag red spotty,290.0,10175685.460000029,0.9875414952790129
medium chinese style scissor,289.98,10175975.44000003,0.9875696375878459
pack of 12 christmas fun cards,289.69,10176265.130000029,0.9875977517524288
toybox  wrap,288.92,10176554.050000029,0.987625791189176
paper lantern 5 point sequin star,287.5,10176841.550000029,0.9876536928161485
"pink/white ""keep clean"" bullet bin",286.91,10177128.460000029,0.9876815371841298
queen of the skies passport cover,286.39,10177414.85000003,0.9877093310865598
icon mug revolutionary,284.49,10177699.34000003,0.9877369405956289
white and blue ceramic oil burner,283.93,10177983.27000003,0.987764495757181
ridged glass t-light holder,283.51,10178266.78000003,0.9877920101580955
cartoon  pencil sharpeners,283.31,10178550.09000003,0.9878195051491826
blue  tile hook,282.78999999999996,10178832.880000029,0.9878469496747182
chrysanthemum notebook,282.48999999999995,10179115.370000029,0.9878743650855127
small pink magic christmas tree,282.38,10179397.75000003,0.9879017698209022
pearlised ivory heart small,281.17,10179678.92000003,0.9879290571268354
felt farm animal sheep,280.42,10179959.34000003,0.9879562716459157
standing fairy pole support,280.2,10180239.540000029,0.9879834648141858
green metal swinging bunny,278.16999999999996,10180517.710000029,0.9880104609727071
sweeties  stickers,277.24,10180794.950000029,0.9880373668755308
wrap daisy carpet,277.2,10181072.150000028,0.9880642688963889
mirrored dove wall decoration,276.72,10181348.870000029,0.9880911243336613
4 rose pink dinner candles,276.59,10181625.460000029,0.9881179671545457
la palmiera tile coaster,276.53,10181901.990000028,0.9881448041524818
zinc wire sweetheart letter tray,275.62,10182177.610000027,0.988171552835703
set of skull wall stickers,274.37,10182451.980000027,0.9881981802075026
strawberry dream childs umbrella,273.81,10182725.790000027,0.9882247532317854
doorstop racing car design,273.46,10182999.250000028,0.9882512922888702
vintage caravan gift wrap,273.0,10183272.250000028,0.9882777867033518
silver disco handbag,272.99,10183545.240000028,0.988304280147342
triple wire hook pink heart,272.91,10183818.150000028,0.9883307658274012
jumbo bag vintage doiley,272.57,10184090.720000029,0.9883572185107538
number tile vintage font no,272.2,10184362.920000028,0.9883836352859253
blue paisley pocket book,272.02,10184634.940000027,0.9884100345922523
star  t-light holder,271.68,10184906.620000027,0.9884364009018727
silver mini tape measure,271.21999999999997,10185177.840000028,0.9884627225688899
tub 24 pink flower pegs,271.03999999999996,10185448.880000027,0.9884890267670622
woodland small blue felt heart,270.96,10185719.840000028,0.9885153232013038
curious  images notebook set,270.72,10185990.560000028,0.9885415963437524
zinc top  2 door wooden shelf,270.08,10186260.640000029,0.988567807374753
hand open shape deco.white,270.02000000000004,10186530.660000028,0.9885940125828054
chrysanthemum  journal,269.68,10186800.340000028,0.9886201847941511
rain poncho,269.61,10187069.950000027,0.9886463502120572
bunny egg garland,269.17,10187339.120000027,0.9886724729283429
assorted tutti frutti heart box,268.75,10187607.870000027,0.9886985548839909
tumbler baroque,268.53,10187876.400000026,0.9887246154888287
doorknob cracked glaze ivory,268.2,10188144.600000026,0.9887506440674512
moroccan beaten metal mirror,268.1,10188412.700000025,0.98877666294116
origami rose incense in tube,267.82,10188680.520000026,0.9888026546411104
"flower fairy,5 summer b'draw liners",267.75,10188948.270000026,0.9888286395476211
12 pink rose peg place settings,267.5,10189215.770000026,0.9888546001918476
strawbry scented votive candle,267.45,10189483.220000025,0.988880555983617
pink goose feather tree 60cm,267.21,10189750.430000026,0.9889064884835937
vintage kitchen print fruits,266.15,10190016.580000026,0.9889323181114849
mousey long legs soft toy,266.03,10190282.610000025,0.9889581360934794
"garland, vintage bells",265.88,10190548.490000026,0.9889839395181035
s/4 black mini rose candle in bowl,265.77,10190814.260000026,0.9890097322673224
purple boudicca large bracelet,264.94,10191079.200000025,0.9890354444657573
4 pink dinner candle silver flock,264.82,10191344.020000026,0.9890611450182958
woodland large red felt heart,264.72,10191608.740000026,0.9890868358659206
pink boudicca large bracelet,264.7,10191873.440000026,0.9891125247725625
clear love bird t-light holder,264.46999999999997,10192137.910000026,0.989138191357903
blue juicy fruit photo frame,264.06,10192401.970000027,0.9891638181530972
heart t-light holder,262.09,10192664.060000027,0.9891892537614908
green juicy fruit photo frame,261.89,10192925.950000027,0.9892146699600571
gymkhanna treasure book box,261.84000000000003,10193187.790000027,0.9892400813061665
pink riviera handbag,261.68,10193449.470000027,0.9892654771244138
assorted monkey suction cup hook,261.3,10193710.770000027,0.989290836063989
food/drink sponge stickers,261.24,10193972.010000028,0.989316189180616
blue flock glass candleholder,259.96,10194231.970000029,0.9893414180743474
hanging medina lantern small,259.67,10194491.640000029,0.9893666188238288
magazine rack gebra assorted,257.75,10194749.390000029,0.9893916332389666
blue knitted hen,257.21999999999997,10195006.61000003,0.9894165962180617
orange votive candle,257.03999999999996,10195263.650000028,0.9894415417283119
2 picture book eggs easter bunny,256.54,10195520.190000027,0.9894664387139935
skulls storage box small,256.44,10195776.630000027,0.9894913259947614
3d sheet of cat stickers,255.61999999999998,10196032.250000026,0.9895161336952367
mirror love bird t-light holder,255.0,10196287.250000026,0.989540881225247
antique cream cutlery shelf,254.98000000000002,10196542.230000027,0.9895656268142745
camphor wood portobello mushroom,254.32999999999998,10196796.560000027,0.9895903093213627
ceramic birdhouse crested tit small,253.53000000000003,10197050.090000026,0.989614914189141
black enamel flower ring,252.9,10197302.990000026,0.9896394579159631
skulls tape,252.47000000000003,10197555.460000027,0.989663959911656
folk art metal star t-light holder,252.33,10197807.790000027,0.9896884483204696
silver bracelet w pastel flower,252.18,10198059.970000027,0.9897129221719128
antique ivory wire bowl small,251.45000000000002,10198311.420000026,0.9897373251774855
string of stars card holder,250.22000000000003,10198561.640000027,0.9897616088126195
charlie+lola my room door sign,249.48999999999998,10198811.130000027,0.9897858216018833
pack 3 boxes christmas panettone,248.48,10199059.610000027,0.9898099363715185
economy luggage tag,248.09,10199307.700000027,0.98983401329199
assorted tutti frutti large purse,247.8,10199555.500000028,0.9898580620682117
hen party cordon barrier tape,247.63,10199803.130000029,0.9898820943460802
money box housekeeping design,247.42000000000002,10200050.550000029,0.9899061062436297
classic sugar dispenser,247.32,10200297.870000029,0.9899301084362656
classical rose small vase,247.04,10200544.910000028,0.9899540834551429
number tile cottage garden 1,246.14,10200791.050000029,0.9899779711297968
white glass chunky charm bracelet,245.63,10201036.68000003,0.9900018093093906
paperweight home sweet home,245.57999999999998,10201282.26000003,0.9900256426365276
flowers  stickers,245.35999999999999,10201527.620000029,0.9900494546128542
pink hearts paper garland,245.20000000000002,10201772.820000028,0.9900732510613188
silver teddy bear,244.72,10202017.540000029,0.9900970009261978
pink/blue disc/mirror string,244.17,10202261.710000029,0.9901206974140512
cherry blossom passport cover,243.53,10202505.240000028,0.9901443317904566
three canvas luggage tags,243.49,10202748.730000028,0.9901679622848966
candy spot egg warmer rabbit,242.32,10202991.050000029,0.9901914792318459
number tile cottage garden 2,242.24,10203233.290000029,0.9902149884148643
woodland small pink felt heart,242.17999999999998,10203475.470000029,0.9902384917749344
crochet rose purse with suede back,241.24000000000004,10203716.710000029,0.9902619039088154
assorted shapes photo clip silver,241.20999999999998,10203957.92000003,0.9902853131312225
zinc wire kitchen organiser,239.97,10204197.89000003,0.9903086020126992
ninja rabbit black,239.24,10204437.13000003,0.9903318200483058
rustic strawberry jampot large,238.56,10204675.690000031,0.9903549720904989
doorknob cracked glaze blue,238.49999999999997,10204914.190000031,0.9903781183097438
bathroom set love heart design,237.98000000000002,10205152.170000032,0.9904012140634373
snack tray happy forest,236.87,10205389.04000003,0.9904242020925883
joy large wood letters,236.17,10205625.21000003,0.9904471221873433
daisy notebook,235.18999999999997,10205860.40000003,0.9904699471739437
blue  voile lampshade,234.5,10206094.90000003,0.9904927051966393
letter shape pencil sharpener,234.0,10206328.90000003,0.9905154146947664
t-light holder silver petit four,233.67000000000002,10206562.57000003,0.9905380921666781
space frog,233.52,10206796.09000003,0.9905607550812192
glitter christmas heart,233.51999999999998,10207029.61000003,0.9905834179957603
crystal stud earrings assorted col,232.56,10207262.17000003,0.9906059877431297
pink monte carlo handbag,232.32999999999998,10207494.50000003,0.9906285351691975
pink bunny easter egg basket,231.89999999999998,10207726.40000003,0.9906510408641362
keep out boys door hanger,231.36999999999998,10207957.77000003,0.9906734951230322
floral soft car toy,230.81,10208188.58000003,0.9906958950344112
paperweight kings choice,230.67999999999998,10208419.26000003,0.9907182823294025
set of 36 mushroom paper doilies,230.54999999999998,10208649.81000003,0.990740657008006
blue bunny easter egg basket,230.24999999999997,10208880.06000003,0.9907630025718681
crystal diamante star brooch,229.68,10209109.74000003,0.990785292817722
set/4 blue flower candles in bowl,229.46999999999997,10209339.21000003,0.9908075626832572
4 blue dinner candles silver flock,229.22,10209568.430000031,0.990829808286508
bunny egg box,228.75,10209797.180000031,0.9908520082766643
amber glass/silver bracelet,227.89,10210025.070000032,0.9908741248045625
red retrospot washbag,227.6,10210252.670000032,0.9908962131882109
travel card wallet vintage rose,226.2,10210478.87000003,0.9909181657030669
green enamel flower ring,225.84,10210704.71000003,0.9909400832802336
botanical lavender birthday card,225.59,10210930.30000003,0.990961976595116
hand warmer red polka dot,225.00000000000003,10211155.30000003,0.9909838126510073
st tropez necklace,224.12,10211379.42000003,0.9910055633036579
milk bottle with glass stopper,223.46,10211602.88000003,0.9910272499038779
box/12 chick & egg in basket,223.10999999999999,10211825.99000003,0.9910489025368997
peace small wood letters,222.96,10212048.95000003,0.9910705406125512
2 picture book eggs easter chicks,222.22,10212271.170000032,0.9910921068718409
silver oval shape trinket box,221.79999999999998,10212492.970000032,0.991113632370493
gold ear muff headphones,221.65,10212714.620000033,0.9911351433117745
blue heart compact mirror,221.25,10212935.870000033,0.9911566154334011
paperweight vintage paisley,220.04,10213155.910000032,0.9911779701255714
pink chick egg warmer + egg cup,219.66,10213375.570000032,0.9911992879390696
silver fabric mirror,219.35000000000002,10213594.920000032,0.9912205756673352
asstd col butterfly/crystal w/chime,218.87,10213813.79000003,0.991241816812015
pink butterfly cushion cover,218.32999999999998,10214032.12000003,0.9912630055501606
small tall camphor wood toadstool,217.89,10214250.010000031,0.9912841515866859
small chunky glass roman  bowl,217.68,10214467.690000031,0.9913052772428923
zinc heart lattice charger large,217.57999999999998,10214685.270000031,0.9913263931941849
daisy journal,217.55999999999997,10214902.830000032,0.9913475072044949
silver standing gnome,217.35999999999999,10215120.190000031,0.9913686018049773
"small pop box,funky monkey",216.47,10215336.660000032,0.9913896100317277
set 8 candles vintage doiley,216.29999999999998,10215552.960000033,0.9914106017601246
ass colour glowing tiaras,216.06,10215769.020000033,0.9914315701967287
small camphor wood field  mushroom,215.67999999999998,10215984.700000033,0.9914525017546604
green murano twist bracelet,215.20000000000002,10216199.900000032,0.9914733867290062
booze & women greeting card,214.19,10216414.090000032,0.9914941736837234
number tile vintage font 3,213.7,10216627.79000003,0.9915149130843633
vippassport cover,211.76000000000002,10216839.55000003,0.9915354642096769
blue sweetheart bracelet,211.43,10217050.98000003,0.9915559833087751
green round compact mirror,210.56,10217261.54000003,0.9915764179751241
pink jewelled mirror trinket tray,210.54999999999998,10217472.090000032,0.9915968516709817
wake up cockerel tile coaster,210.51999999999998,10217682.610000031,0.991617282455365
tigris eye chunky charm bracelet,210.04,10217892.65000003,0.9916376666561623
peg bag apple design,210.0,10218102.65000003,0.9916580469749943
red boudicca large bracelet,209.73000000000002,10218312.38000003,0.9916784010905592
large skull windmill,209.61,10218521.99000003,0.9916987435602276
jade drop earrings w filigree,209.10000000000002,10218731.09000003,0.991719036534836
hanging glass etched tealight,208.46999999999997,10218939.56000003,0.9917392683684879
metalic leaves bag charms,207.60999999999999,10219147.17000003,0.9917594167398817
smokey grey colour d.o.f. glass,207.39,10219354.56000003,0.9917795437604654
teatime round pencil sharpener,205.42,10219559.98000003,0.9917994795942485
daisy sketchbook,205.04,10219765.02000003,0.9918193785493594
multi hearts  stickers,204.69,10219969.710000029,0.9918392435372723
number tile cottage garden no,204.19,10220173.900000028,0.9918590600006165
green square compact mirror,203.51,10220377.410000028,0.9918788104705474
opium scented votive candle,203.27999999999997,10220580.690000027,0.9918985386191767
garden metal sign,203.20999999999998,10220783.900000028,0.9919182599743664
beach hut design blackboard,203.07,10220986.970000029,0.9919379677426771
english rose small scented flower,202.53,10221189.500000028,0.9919576231044533
purple enamel flower ring,202.51000000000002,10221392.010000028,0.9919772765252469
mini jigsaw leap frog,202.37,10221594.380000027,0.9919969163591613
pink bitty light chain,201.31,10221795.690000027,0.9920164533209902
number tile vintage font 1,200.59,10221996.280000027,0.9920359204074402
jungle popsicles ice lolly holders,199.99,10222196.270000027,0.9920553292644079
carousel design washbag,199.84,10222396.110000027,0.9920747235640048
black chunky bead bracelet w strap,199.67,10222595.780000027,0.9920941013652486
botanical lavender gift wrap,199.5,10222795.280000027,0.9921134626681389
mirrored wall art gents,199.48999999999998,10222994.770000027,0.992132823000538
hanging metal chicken decoration,198.52,10223193.290000027,0.9921520891952738
large  tall camphor wood toadstool,197.81,10223391.100000028,0.9921712864851221
number tile vintage font 2,197.56,10223588.660000028,0.9921904595126861
silver m.o.p orbit bracelet,197.09,10223785.750000028,0.9922095869271557
felt egg cosy ladybird,196.82,10223982.570000028,0.9922286881383581
christmas card stack of presents,196.44,10224179.010000028,0.9922477524708883
midnight blue vintage earrings,195.32,10224374.330000028,0.9922667081083848
psychedelic tile coaster,195.22,10224569.550000029,0.9922856540409676
first class passport cover,194.94,10224764.490000028,0.9923045727997919
a pretty thank you card,194.58,10224959.070000028,0.9923234566209268
number tile vintage font 5,194.04999999999998,10225153.120000029,0.992342289006019
first class luggage tag,193.59,10225346.710000029,0.9923610767485078
silver m.o.p orbit drop earrings,193.33,10225540.040000029,0.9923798392582212
diamante bow brooch green colour,193.2,10225733.240000028,0.9923985891515464
set/4 daisy mirror magnets,193.03,10225926.270000027,0.9924173225465185
pink paisley cushion cover,192.14,10226118.410000028,0.9924359695677584
number tile vintage font 4,191.48,10226309.890000029,0.9924545525365677
rainbow pegs photo clip string,191.18,10226501.070000028,0.9924731063906358
green christmas tree string 20light,191.1,10226692.170000028,0.9924916524807728
red kukui coconut seed necklace,190.73000000000002,10226882.900000028,0.9925101626627292
ninja rabbit pink,190.29,10227073.190000027,0.9925286301430649
starfish soap dish,189.75,10227262.940000027,0.9925470452168667
round white confetti in tube,189.67999999999998,10227452.620000027,0.9925654534972288
donkey tail game,189.54000000000002,10227642.160000026,0.9925838481907115
white christmas star decoration,189.42,10227831.580000026,0.992602231238298
set/4 bird mirror magnets,188.86999999999998,10228020.450000025,0.9926205609088589
round pink heart mirror,188.81,10228209.260000026,0.9926388847564716
blue delphinium artificial flower,188.37000000000003,10228397.630000025,0.9926571659024638
floral pink monster,187.54,10228585.170000024,0.992675366497672
pink oval shape trinket box,186.64,10228771.810000025,0.9926934797486568
english rose notebook a6 size,186.56,10228958.370000025,0.9927115852357107
eight piece dinosaur set,186.43,10229144.800000025,0.9927296781063766
75 green petit four cases,186.25,10229331.050000025,0.9927477535081978
red  egg  spoon,185.51999999999998,10229516.570000025,0.9927657580641487
medium pink buddha head,185.45000000000002,10229702.020000024,0.99278375582666
red enamel flower ring,185.42000000000002,10229887.440000024,0.9928017506776973
flag of st george chair,185.3,10230072.740000024,0.9928197338828381
gift bag large vintage christmas,185.0,10230257.740000024,0.9928376879732377
chambre hook,184.67999999999998,10230442.420000024,0.9928556110079133
gold/m.o.p pendant orbit necklace,184.66,10230627.080000024,0.9928735321016062
french enamel utensil holder,183.71,10230810.790000025,0.9928913609986187
set of 4 carousel placemats,183.45,10230994.240000024,0.9929091646628555
retro plastic 70's tray,183.10999999999999,10231177.350000024,0.9929269353303856
psychedelic tile hook,182.95000000000002,10231360.300000023,0.9929446904700536
"tumbler, new england",182.29999999999998,10231542.600000024,0.9929623825277826
silver book mark with beads,182.25,10231724.850000024,0.9929800697330545
botanical lily greeting card,181.98,10231906.830000024,0.9929977307350596
pink yellow patch cushion cover,180.93,10232087.760000024,0.9930152898354704
assorted cheese fridge magnets,180.71,10232268.470000025,0.993032827585071
cream delphinium artificial flower,180.58,10232449.050000025,0.9930503527182838
pink disco handbag,180.51999999999998,10232629.570000025,0.9930678720285483
angel decoration with lace padded,180.2,10232809.770000024,0.9930853602830887
candy shop  sticker sheet,179.45999999999998,10232989.230000025,0.9931027767212678
swirly circular rubbers in bag,178.97,10233168.200000025,0.9931201456053695
green  diamante pen in gift box,178.89,10233347.090000026,0.9931375067255404
beaded crystal heart blue on stick,178.85,10233525.940000026,0.9931548639637455
cream hanging heart t-light holder,178.51000000000002,10233704.450000025,0.993172188205244
dollcraft girl amelie,178.2,10233882.650000025,0.99318948236151
number tile cottage garden 4,177.46,10234060.110000025,0.9932067047014145
beach hut key cabinet,177.33,10234237.440000026,0.993223914424931
glass chalice green  small,175.78,10234413.220000025,0.9932409737222846
blue circles design monkey doll,175.73,10234588.950000025,0.9932580281671816
dotcomgiftshop gift voucher £30.00,175.53,10234764.480000025,0.9932750632022509
s/4 groovy cat magnets,175.16,10234939.640000025,0.9932920623291395
"rustic wooden cabinet, glass doors",174.76999999999998,10235114.410000024,0.9933090236068645
black glass bracelet w heart charms,174.73000000000002,10235289.140000025,0.9933259810026241
pack 20 dolly pegs,174.5,10235463.640000025,0.9933429160770821
medium white/pink rose art flower,174.31,10235637.950000025,0.9933598327122041
enamel blue rim coffee container,174.09,10235812.040000025,0.9933767279965158
christmas card singing angel,173.37,10235985.410000024,0.9933935534054485
ass col circle mobile,173.15999999999997,10236158.570000025,0.9934103584340626
funky monkey gift bag medium,173.12,10236331.690000024,0.993427159580711
number tile vintage font 6,172.78,10236504.470000023,0.9934439277306528
white square table clock,172.75,10236677.220000023,0.9934606929691205
50cm metal string with  7 clips,172.64,10236849.860000024,0.9934774475321831
space cadet red,172.2,10237022.060000023,0.9934941593936253
bathroom scales footprints in sand,172.05,10237194.110000024,0.993510856697697
pink painted kashmiri chair,171.8,10237365.910000024,0.9935275297394843
pink retro big flower bag,171.6,10237537.510000024,0.9935441833714441
diamante bow brooch red colour,171.45,10237708.960000023,0.9935608224460334
jardin etched glass small bell jar,171.11,10237880.070000023,0.9935774285239158
vintage wooden bar stool,169.75,10238049.820000023,0.9935939026149717
beaded crystal heart green small,168.59,10238218.410000023,0.9936102641290282
classic white frame,168.16000000000003,10238386.570000023,0.9936265839119558
silver hoop earrings with flower,168.0,10238554.570000023,0.9936428881670214
jardin etched glass large bell jar,167.70000000000002,10238722.270000022,0.9936591633073457
dotcomgiftshop gift voucher £50.00,167.56,10238889.830000022,0.9936754248607909
midnight blue glass/silver bracelet,167.3,10239057.130000023,0.9936916611814605
dotcomgiftshop gift voucher £20.00,167.05,10239224.180000024,0.9937078732398457
2 picture book eggs easter ducks,165.89,10239390.070000025,0.9937239727212316
vintage kitchen print vegetables,165.75,10239555.820000025,0.9937400586157382
moroccan beaten metal dish large,165.74,10239721.560000025,0.9937561435397535
lavender scent cake candle,165.6,10239887.160000024,0.9937722148768896
paisley park card,165.07999999999998,10240052.240000024,0.9937882357484742
mini jigsaw go to the fair,164.84,10240217.080000024,0.993804233328266
retro plastic daisy tray,164.59,10240381.670000024,0.9938202066457733
mock lobster fridge magnet,164.17,10240545.840000024,0.993836139202643
blue murano twist bracelet,164.12,10240709.960000023,0.9938520669070559
silver lariat 40cm,163.82,10240873.780000024,0.9938679654967275
purple enamel+glass hair comb,163.8,10241037.580000024,0.9938838621454166
money box confectionery design,163.69,10241201.270000024,0.9938997481187003
number tile cottage garden 3,163.35,10241364.620000023,0.9939156010952774
pink strawberry handbag,163.1,10241527.720000023,0.9939314298095703
silver/mop orbit necklace,162.79,10241690.510000022,0.9939472284386304
charlie and lola charlotte bag,162.20999999999998,10241852.720000023,0.9939629707791912
classical rose candlestand,162.20000000000002,10242014.920000022,0.9939787121492604
mirrored wall art splodges,161.49,10242176.410000023,0.9939943846144421
french chateau large platter,160.5,10242336.910000023,0.9940099610009779
sprig lavender artificial flower,160.48,10242497.390000023,0.9940255354465312
moroccan beaten metal dish,160.09,10242657.480000023,0.9940410720429207
set 4 picnic cutlery blueberry,159.9,10242817.380000023,0.9940565901999742
wrap red doiley,159.6,10242976.980000023,0.9940720792422865
"decoupage,greeting card,",158.63,10243135.610000024,0.9940874741469357
green vintage earrings,158.08,10243293.690000024,0.9941028156745593
porcelain budah incense holder,158.06,10243451.750000024,0.9941181552612002
blue circles design teddy,157.5,10243609.250000024,0.9941334405003242
bathroom hook,157.5,10243766.750000024,0.9941487257394481
old rose combo bead necklace,157.5,10243924.250000024,0.9941640109785721
wrap carousel,157.5,10244081.750000024,0.9941792962176961
green wire standing candle holder,157.34,10244239.090000024,0.994194565928958
vintage bead cosmetic bag,156.85,10244395.940000024,0.9942097880861428
tuscan villa bird table,156.75,10244552.690000024,0.9942250005384138
blue fly swat,156.63,10244709.320000025,0.9942402013447884
assorted circular mobile,155.82,10244865.140000025,0.9942553235413617
ivy heart wreath,155.6,10245020.740000024,0.9942704243871248
lunch box with cutlery fairy cakes,155.54999999999998,10245176.290000025,0.9942855203804312
retro leaves magnetic notepad,155.54,10245331.830000024,0.9943006154032459
large tortilla design red bowl,154.67999999999998,10245486.510000024,0.9943156269638027
pantry kitchen thermometer,154.52,10245641.030000024,0.9943306229964974
ass des phone sponge craft sticker,154.39,10245795.420000024,0.9943456064128046
set of 12 rose botanical t-lights,153.29000000000002,10245948.710000023,0.9943604830750604
flower fairy 5 drawer liners,153.0,10246101.710000023,0.9943753315930666
gold m pearl  orbit necklace,152.84,10246254.550000023,0.9943901645832107
antique glass place setting,152.5,10246407.050000023,0.9944049645766482
vintage rose bead bracelet black,152.4,10246559.450000023,0.994419754865172
heart trellistriple t-light holder,152.24,10246711.690000024,0.9944345296258339
blue round compact mirror,152.18,10246863.870000023,0.9944492985635474
new baroque black photo album,152.11,10247015.980000023,0.9944640607078212
blue pudding spoon,151.19,10247167.170000022,0.9944787335668889
yellow dragonfly helicopter,151.05,10247318.220000023,0.9944933928390773
white tissue ream,151.05,10247469.270000024,0.9945080521112658
number tile cottage garden 6,150.81,10247620.080000024,0.9945226880916613
boys party bag,150.54999999999998,10247770.630000025,0.9945372988392812
cosy slipper shoes small  red,150.48000000000002,10247921.110000025,0.9945519027934614
yellow easter egg hunt start post,150.38,10248071.490000026,0.9945664970427279
white 3 frame birds and tree,150.0,10248221.490000026,0.9945810544133222
blue painted kashmiri chair,149.85000000000002,10248371.340000026,0.9945955972265458
black vintage earrings,149.41000000000003,10248520.750000026,0.9946100973381491
kids cutlery dolly girl,149.4,10248670.150000026,0.994624596479261
kids cutlery spaceboy,149.4,10248819.550000027,0.9946390956203729
polyester filler pad 45x30cm,149.35,10248968.900000026,0.994653589909028
blond doll doorstop,149.25,10249118.150000026,0.9946680744927692
number tile cottage garden 7,149.09,10249267.240000026,0.9946825435486485
tuscan villa bird feeder,148.63,10249415.870000027,0.9946969679619247
crystal diamante expandable ring,148.63,10249564.500000028,0.994711392375201
blue cat biscuit barrel pink heart,148.32,10249712.820000028,0.9947257867032446
pink heart dots hot water bottle,147.88,10249860.700000029,0.9947401383296679
cubic mug flock pink on brown,146.91,10250007.61000003,0.994754395818428
bathroom scales rubber ducks,146.85,10250154.460000029,0.9947686474842397
number tile cottage garden 0,146.6,10250301.060000028,0.9947828748877671
number tile vintage font 7,146.43,10250447.490000028,0.9947970857929412
blue geisha girl,146.07999999999998,10250593.570000028,0.9948112627309172
green geisha girl,146.05,10250739.620000029,0.9948254367574193
space boy childrens cup,145.76,10250885.380000029,0.9948395826396714
fruit salad bag charm,145.52,10251030.900000028,0.9948537052301305
number tile cottage garden 5,145.5,10251176.400000028,0.994867825879607
stripes design teddy,145.35,10251321.750000028,0.9948819319717128
fuschia flower purse with beads,145.17,10251466.920000028,0.9948960205949738
girls party bag,144.43,10251611.350000028,0.9949100374018733
red daisy pocket book,144.29,10251755.640000027,0.9949240406218937
mirrored wall art ladies,144.03,10251899.670000026,0.9949380186091381
assorted colour metal cat,143.75,10252043.420000026,0.9949519694226243
set/20 fruit salad paper napkins,143.44,10252186.860000025,0.9949658901508779
botanical rose greeting card,141.95,10252328.810000025,0.9949796662759168
green fern notebook,141.23999999999998,10252470.050000025,0.9949933734960684
blue polkadot purse,141.15,10252611.200000025,0.9950070719817976
white  rosebud pearl bracelet,140.98,10252752.180000026,0.9950207539691736
popart rect pencil sharpener asst,140.52,10252892.700000025,0.9950343913139462
daisy hair band,140.32999999999998,10253033.030000025,0.9950480102193828
s/6 sew on crochet flowers,140.02,10253173.050000025,0.9950615990395869
union jack hot water bottle,139.86,10253312.910000024,0.9950751723319289
set of 36 pantry paper doilies,139.78,10253452.690000024,0.9950887378603399
metal herb gerden container,139.68,10253592.370000023,0.9951022936838373
vintage zinc watering can,139.39999999999998,10253731.770000024,0.9951158223335762
number tile cottage garden 8,138.81,10253870.580000024,0.9951292937243242
blue daisy mobile,138.76,10254009.340000024,0.9951427602626153
easter bunny wreath,138.6,10254147.940000024,0.9951562112730443
set 4 picnic cutlery cherry,138.45,10254286.390000023,0.9951696477261027
number tile cottage garden 9,138.10999999999999,10254424.500000022,0.9951830511824545
abstract circles pocket book,137.7,10254562.200000022,0.99519641484866
amethyst glass/shell/pearl necklace,137.63,10254699.830000022,0.995209771721426
christmas retrospot heart wood,137.59,10254837.420000022,0.9952231247122264
gold scroll glass t-light holder,137.22000000000003,10254974.640000023,0.995236441794846
assorted sanskrit mini notebook,136.25,10255110.890000023,0.9952496647398026
vintage enamel & crystal earrings,134.70000000000002,10255245.590000022,0.9952627372585962
summer butterflies bag charm,134.53,10255380.120000022,0.9952757932790364
cakes and rabbits design flannel,134.48999999999998,10255514.610000022,0.9952888454175112
icon placemat pop art elvis,134.37,10255648.980000021,0.9953018859100895
new baroque large necklace blk/whit,134.16,10255783.140000021,0.995314906022349
polyester filler pad 30cmx30cm,133.75,10255916.890000021,0.9953278863444622
easter bunny hanging garland,133.23,10256050.120000022,0.9953408162010241
gold wine goblet,132.72,10256182.840000022,0.9953536965625259
pair of pink flower cluster slide,132.7,10256315.540000021,0.9953665749830449
pink/yellow flowers handbag,132.5,10256448.040000021,0.9953794339937365
bank account  greeting  card,132.44,10256580.480000021,0.9953922871814798
purple acrylic faceted bangle,132.05,10256712.530000022,0.9954051025200596
small jewellery stand,132.0,10256844.530000022,0.9954179130061827
green metal box top secret,132.0,10256976.530000022,0.9954307234923055
amber diamante expandable ring,131.03,10257107.560000021,0.9954434398407653
pink rosebud pearl bracelet,130.67,10257238.230000021,0.9954561212515356
red   acrylic faceted bangle,130.51000000000002,10257368.74000002,0.995468787134444
pig mug in two colour designs,130.26999999999998,10257499.01000002,0.9954814297255594
copper/olive green flower necklace,129.85,10257628.86000002,0.9954940315560371
pink horse sock puppet kit,129.8,10257758.66000002,0.9955066285340581
vintage kitchen print seafood,129.63,10257888.290000021,0.9955192090137257
pink pillar candle silver flock,129.47,10258017.760000022,0.9955317739655314
red pudding spoon,128.63,10258146.390000023,0.9955442573960618
silver aperitif glass,128.4,10258274.790000023,0.9955567185052905
pink/blue string curtain,128.32999999999998,10258403.120000023,0.9955691728210795
scented candle in digitalis tin,128.14000000000001,10258531.260000024,0.9955816086975325
small white/pink rose art flower,127.57000000000001,10258658.830000024,0.9955939892559773
black+white necklace w tassel,127.24,10258786.070000025,0.9956063377882068
beaded pearl heart white large,127.04999999999998,10258913.120000025,0.9956186678811002
number tile vintage font 8,126.78,10259039.900000025,0.9956309717707265
set 4 picnic cutlery fondant,126.75,10259166.650000025,0.9956432727488785
glass songbird storage jar,126.7,10259293.350000024,0.9956555688745737
cream sweetheart wall cabinet,126.64999999999999,10259420.000000024,0.9956678601478123
5 strand glass necklace crystal,126.63999999999999,10259546.640000025,0.9956801504505594
snack tray red gingham,125.72,10259672.360000025,0.9956923514681001
large jewellery stand,125.0,10259797.360000025,0.995704482610262
number tile vintage font 9,124.97999999999999,10259922.340000026,0.9957166118114412
oyster trinket box,123.66,10260046.000000026,0.9957286129077592
woodland large blue felt heart,123.47,10260169.470000027,0.995740595564741
polkadot mug pink,123.29999999999998,10260292.770000027,0.9957525617233696
set of 3 mini hanging portraits,123.2,10260415.970000027,0.9957645181770842
crystal stud earrings clear display,123.12,10260539.090000026,0.9957764668668679
large parlour frame,122.85,10260661.940000026,0.9957883893533847
purple gemstone bracelet,122.84,10260784.780000025,0.9958003108694099
ruby glass cluster bracelet,122.64000000000001,10260907.420000026,0.9958122129756078
candy spot heart decoration,122.08,10261029.500000026,0.9958240607342889
turquoise glass tassle bag charm,121.38000000000001,10261150.880000027,0.9958358405585738
"retro ""tea for one""",120.99,10261271.870000027,0.9958475825336951
zinc heart lattice 2 wall planter,120.64999999999999,10261392.520000027,0.9958592915121098
pair butterfly hair clips,120.34,10261512.860000027,0.9958709704052919
vintage zinc planter,120.08000000000001,10261632.940000027,0.9958826240656983
gift bag large spot,120.0,10261752.940000027,0.9958942699621737
daisy folkart heart decoration,120.0,10261872.940000027,0.9959059158586491
ant copper red boudicca bracelet,119.91000000000001,10261992.850000028,0.9959175530207022
blue murano twist necklace,119.89,10262112.740000028,0.9959291882417726
midnight blue pair heart hair slide,119.84,10262232.580000028,0.995940818610386
pack 3 fire engine/car patches,119.65,10262352.230000028,0.9959524305396633
frosted white base,119.64,10262471.870000029,0.9959640414984494
lunch bag vintage doiley,119.63,10262591.50000003,0.995975651486744
turquoise crystal+glass bracelet,119.23,10262710.73000003,0.9959872226553839
groovy cactus inflatable,119.08999999999999,10262829.82000003,0.9959987802371443
space cadet white,119.03,10262948.85000003,0.9960103319959565
pink oval jewelled mirror,119.0,10263067.85000003,0.9960218808432946
set of 12 t-lights vintage doiley,118.94999999999999,10263186.800000029,0.9960334248381757
folding mirror hot pink,118.91999999999999,10263305.720000029,0.9960449659215829
set/6 posies paper plates,118.72999999999999,10263424.450000029,0.996056488565654
stripes design monkey doll,118.72999999999999,10263543.18000003,0.996068011209725
hen house w chick standing,118.21,10263661.39000003,0.9960794833882448
amber chunky bead bracelet w strap,117.73,10263779.12000003,0.9960909089831785
amber drop earrings w long beads,117.24000000000001,10263896.360000031,0.996102287024035
citrus garland felt flowers,117.0,10264013.360000031,0.9961136417730986
zinc sweetheart soap dish,116.82000000000001,10264130.180000031,0.9961249790533174
french style storage jar jam,116.58999999999999,10264246.770000031,0.9961362940122347
black silouette candle plate,116.44999999999999,10264363.22000003,0.9961475953842726
summer fun design shower cap,116.32999999999998,10264479.55000003,0.9961588851104142
large zinc glass candleholder,116.06,10264595.610000031,0.9961701486332887
white chrysanthemums art flower,115.50000000000001,10264711.110000031,0.9961813578086463
teatime push down rubber,115.3,10264826.410000032,0.9961925475741764
long silver necklace pastel flower,114.48,10264940.890000032,0.996203657759414
wall art bicycle saftey,114.15,10265055.040000033,0.9962147359184362
turq stone/crystal earrings,113.97,10265169.010000033,0.9962257966086139
set/3 rabbits flower skippping rope,113.41,10265282.420000033,0.9962368029512745
large blue provencal ceramic ball,113.05000000000001,10265395.470000034,0.9962477743562458
ass floral print spirit level,112.81,10265508.280000035,0.996258722469424
psychedelic wall thermometer,112.47999999999999,10265620.760000035,0.9962696385563871
crystal pair heart hair slides,112.26,10265733.020000035,0.9962805332925398
necklace+bracelet set blue blossom,112.21,10265845.230000036,0.9962914231762358
paisley pattern  stickers,111.86,10265957.090000035,0.9963022790927335
"letter ""a"" bling key ring",111.66,10266068.750000035,0.9963131155994039
"flower glass garld neckl36""amethyst",110.95,10266179.700000035,0.9963238832011867
black diamante expandable ring,110.09,10266289.790000034,0.9963345673407116
purple bertie glass bead bag charm,110.03,10266399.820000034,0.9963452456572881
posy candy bag,109.96,10266509.780000035,0.9963559171804252
black grand baroque photo frame,109.94,10266619.720000034,0.9963665867625793
vintage kitchen print puddings,109.64999999999999,10266729.370000035,0.9963772282004837
green murano twist necklace,109.53999999999999,10266838.910000034,0.996387858962983
pink crystal+glass bracelet,109.48,10266948.390000034,0.996398483902534
hilda candy spot rabbit,109.23,10267057.620000035,0.9964090845798008
hanging bauble t-light holder large,108.71000000000001,10267166.330000035,0.9964196347915163
paper lantern 6 point snow star,107.9,10267274.230000036,0.9964301063934304
mirrored wall art table lamp,107.75,10267381.980000036,0.9964405634379739
pink felt hanging heart w flower,107.72,10267489.700000037,0.9964510175710435
lavender incense 40 cones in tin,107.44999999999999,10267597.150000036,0.9964614455008457
beaded crystal heart blue small,107.31,10267704.460000036,0.996471859843769
house wrecking metal sign,107.10000000000001,10267811.560000036,0.9964822538063732
set 10 cards dinky tree 17076,107.07000000000001,10267918.630000036,0.9964926448575034
small parlour frame,106.98000000000002,10268025.610000037,0.9965030271742112
"acrylic jewel icicle, pink",106.97,10268132.580000037,0.9965134085204278
"acrylic hanging jewel,blue",106.81,10268239.390000038,0.9965237743387824
pink bertie glass bead bag charm,106.24,10268345.630000038,0.9965340848391286
tropical luggage tag,105.91,10268451.540000038,0.9965443633132596
vintage notebook travelogue,105.73,10268557.270000039,0.9965546243185458
silver/m.o.p pendant orbit necklace,105.71000000000001,10268662.98000004,0.9965648833828493
packing charge,105.0,10268767.98000004,0.9965750735422653
botanical lily gift wrap,105.0,10268872.98000004,0.9965852637016813
pink square table clock,104.84,10268977.82000004,0.9965954383332353
four rabbit easter decorations,104.84,10269082.66000004,0.9966056129647893
12 pink hen+chicks in basket,104.55,10269187.21000004,0.9966157594520936
dragons blood incense,104.44,10269291.65000004,0.9966258952639926
small blue provencal ceramic ball,103.93999999999998,10269395.590000039,0.996635982551323
painted lightbulb star+ moon,103.64999999999999,10269499.24000004,0.9966460416944037
pack/12 xmas fun card,103.25000000000001,10269602.49000004,0.9966560620178294
ivory shell heart necklace,103.13,10269705.62000004,0.9966660706953587
75 green fairy cake cases,102.91000000000001,10269808.53000004,0.9966760580220778
number tile vintage font 0,102.46,10269910.990000041,0.9966860016766851
purple gemstone necklace 45cm,102.0,10270012.990000041,0.9966959006886892
white vint art deco crystal necklac,102.0,10270114.990000041,0.9967057997006933
"large cake towel, chocolate spots",101.53,10270216.52000004,0.9967156530996029
pink cat floral cushion cover,100.97,10270317.490000041,0.9967254521509955
pink string curtain with pole,100.86,10270418.35000004,0.996735240526983
mini highlighter pens,100.79999999999998,10270519.150000041,0.9967450230800224
pink/flower rabbit egg warmer,100.76,10270619.910000041,0.9967548017510963
dotcomgiftshop gift voucher £40.00,100.69999999999999,10270720.61000004,0.9967645745992219
mirrored wall art foxy,100.66000000000001,10270821.27000004,0.996774343565382
black/white glass/silver bracelet,100.08999999999999,10270921.36000004,0.9967840572135338
set 10 cards red riding hood 17214,99.60000000000001,10271020.96000004,0.9967937233076084
lily brooch olive colour,99.60000000000001,10271120.56000004,0.996803389401683
lavender incense in tin,99.29,10271219.850000039,0.9968130254105249
vintage zinc watering can small,99.2,10271319.050000038,0.9968226526849445
tuscan villa feeding station,99.0,10271418.050000038,0.9968322605495367
tuscan villa dovecote,99.0,10271517.050000038,0.9968418684141289
bundle of 3 retro exercise books,98.99999999999999,10271616.050000038,0.9968514762787212
yellow flowers felt handbag kit,98.63000000000001,10271714.680000039,0.9968610482351327
painted lightbulb rainbow design,98.53999999999999,10271813.220000038,0.9968706114571216
white frangipani necklace,98.07,10271911.290000038,0.9968801290660162
cherry blossom canvas art picture,97.95,10272009.240000037,0.9968896350290142
blue green embroidery cosmetic bag,97.13,10272106.370000038,0.9968990614117197
amethyst diamante expandable ring,97.02,10272203.390000038,0.99690847711902
pink candystuft artificial flower,96.88999999999999,10272300.280000038,0.9969178802099325
pair of enamel butterfly hairclip,96.86,10272397.140000038,0.996927280389371
pink hydrangea art flower,96.60000000000001,10272493.740000037,0.9969366553360336
gold m.o.p orbit bracelet,96.52000000000001,10272590.260000037,0.9969460225187653
sweet pudding sticker sheet,95.52999999999999,10272685.790000036,0.996955293622851
butterfly hair band,95.41999999999999,10272781.210000036,0.9969645540515317
recipe box with metal heart,95.4,10272876.610000037,0.9969738125392297
fine silver necklace w pastel flowe,95.35000000000001,10272971.960000036,0.9969830661744707
"flower glass garland neckl.36""black",95.35000000000001,10273067.310000036,0.9969923198097118
amber chunky glass+bead necklace,95.25,10273162.560000036,0.9970015637400391
cherry blossom luggage tag,95.17999999999999,10273257.740000036,0.9970108008769268
flames sunglasses pink lenses,95.1,10273352.840000035,0.9970200302498836
teal/fuschia col bead necklace,94.43,10273447.270000035,0.9970291945999183
vip passport cover,94.04,10273541.310000034,0.9970383211007895
home sweeet home 3 peg hanger,93.75,10273635.060000034,0.9970474194574108
pink green embroidery cosmetic bag,93.19,10273728.250000034,0.9970564634665153
blue paisley notebook,92.39999999999999,10273820.650000034,0.9970654308068014
gold m.o.p orbit drop earrings,92.28,10273912.930000033,0.997074386501191
pink stocking christmas decoration,92.21000000000001,10274005.140000034,0.997083335402141
pink marshmallow scarf knitting kit,91.8,10274096.940000035,0.9970922445129448
brown kukui coconut seed necklace,91.7,10274188.640000034,0.9971011439188346
pink glass chunky charm bracelet,91.68,10274280.320000034,0.9971100413837418
vintage keepsake box pink flower,91.48,10274371.800000034,0.9971189194388217
double ceramic parlour hook,91.30000000000001,10274463.100000035,0.9971277800250568
first class holiday purse,90.42,10274553.520000035,0.997136555208051
jasmine votive candle,90.33999999999999,10274643.860000035,0.9971453226271142
pink rosebud & pearl necklace,90.32,10274734.180000035,0.9971540881051948
edwardian drop earrings jet black,90.2,10274824.380000034,0.9971628419373787
silver  candlepot jardin,90.0,10274914.380000034,0.9971715763597352
bag of silver stones,89.94999999999999,10275004.330000034,0.9971803059296348
4 pink flock christmas balls,89.72,10275094.050000034,0.997189013178233
wooden box advent calendar,89.5,10275183.550000034,0.997197699076021
set/3 tall glass candle holder pink,89.22,10275272.770000035,0.9972063578000505
pink heart of glass bracelet,89.12,10275361.890000034,0.9972150068191661
green peony cushion cover,88.35000000000001,10275450.240000034,0.9972235811104461
s/3 pink square planters roses,88.22,10275538.460000034,0.9972321427853383
pink & white rosebud ring,88.04,10275626.500000034,0.9972406869913857
red glass tassle bag charm,88.03,10275714.530000033,0.9972492302269418
blue knitted egg cosy,87.56,10275802.090000033,0.9972577278494034
12 hanging eggs hand painted,87.36,10275889.450000033,0.9972662060620374
gold fabric mirror,86.76,10275976.210000033,0.9972746260451891
set/4 modern vintage cotton napkins,86.75,10276062.960000033,0.9972830450578495
set 10 cards 12 days wrap  17058,86.58000000000001,10276149.540000033,0.9972914475721565
green pair heart hair slides,86.11,10276235.650000032,0.9972998044733689
smokey grey colour glass,85.91999999999999,10276321.570000032,0.9973081429352453
painted sea shell metal windchime,85.31,10276406.880000032,0.997316422197148
goldie looking mirror,84.15,10276491.030000033,0.9973245888820513
medium parlour frame,84.1,10276575.130000032,0.9973327507144979
"tumbler, baroque",84.03999999999999,10276659.170000032,0.997340906723996
wrap folk art,84.0,10276743.170000032,0.9973490588515288
frog candle,83.78,10276826.95000003,0.9973571896282514
ruby drop chandelier earrings,83.42,10276910.37000003,0.9973652854672845
dotcomgiftshop gift voucher £100.00,83.33,10276993.70000003,0.9973733725718953
green heart of glass bracelet,83.29,10277076.99000003,0.9973814557945405
pink glass tassle bag charm,82.97999999999999,10277159.97000003,0.9973895089319533
blue wire spiral candle holder,82.57,10277242.54000003,0.9973975222792197
folk art metal heart t-light holder,82.1,10277324.64000003,0.9974054900133916
pink and black string curtain,82.1,10277406.74000003,0.9974134577475635
teatime gel pens asst,82.08,10277488.82000003,0.9974214235407528
blue blossom hair clip,81.96000000000001,10277570.780000031,0.9974293776880455
pocket mirror woodland,81.8,10277652.580000032,0.9974373163074763
tropical holiday purse,81.66,10277734.240000032,0.9974452413400279
a4 wall tidy blue office,80.96000000000001,10277815.200000033,0.9974530984381834
blue glass chunky charm bracelet,80.55,10277895.750000034,0.9974609157461926
"greeting card,square, doughnuts",80.46,10277976.210000034,0.9974687243197794
flowers tile hook,80.16000000000001,10278056.370000035,0.997476503778625
set 36 colour pencils doiley,80.0,10278136.370000035,0.9974842677096086
green glass tassle bag charm,79.76,10278216.130000034,0.9974920083487993
pink murano twist necklace,79.66,10278295.790000034,0.9974997392830762
ant silver lime green boudicca ring,79.65,10278375.440000035,0.9975074692468617
red peony cushion cover,79.05000000000001,10278454.490000036,0.997515140981165
small zinc/glass candleholder,78.92999999999999,10278533.420000035,0.9975228010695717
floral bathroom set,78.75,10278612.170000035,0.9975304436891337
fire polished glass bracelet green,78.69,10278690.860000035,0.9975380804857473
pink b'fly c/cover w bobbles,78.17,10278769.030000035,0.9975456668168097
cubic mug flock blue on brown,78.09,10278847.120000035,0.9975532453839411
raspberry ant copper flower necklac,77.91,10278925.030000035,0.9975608064822278
crystal frog phone charm,77.78999999999999,10279002.820000034,0.9975683559346179
classic crome bicycle bell,77.4,10279080.220000034,0.9975758675378446
purple glass tassle bag charm,77.03999999999999,10279157.260000033,0.9975833442033817
36 pencils tube posy,76.91,10279234.170000033,0.997590808252531
pink knitted egg cosy,76.69,10279310.860000033,0.9975982509508702
polyester filler pad 65cmx65cm,76.5,10279387.360000033,0.9976056752098732
sweetheart carry-all basket,76.44,10279463.800000032,0.997613093645928
necklace+bracelet set blue hibiscus,76.38,10279540.180000033,0.9976205062590346
black vint art dec crystal necklace,76.32,10279616.500000034,0.9976279130491931
drop diamante earrings crystal,76.23,10279692.730000034,0.9976353111049291
pink heart red handbag,76.14,10279768.870000035,0.9976427004262428
clear milkshake glass,75.60000000000001,10279844.470000034,0.9976500373410223
set of 36 spaceboy paper doilies,75.42,10279919.890000034,0.9976573567869571
party time design flannel,75.35,10279995.240000034,0.9976646694394522
periwinkle t-light holder,75.02,10280070.260000033,0.9976719500657321
vintage engraved heart,75.0,10280145.260000033,0.9976792287510292
dotcomgiftshop gift voucher £10.00,74.97,10280220.230000034,0.9976865045248523
paper lantern 9 point holly star 23,74.7,10280294.930000033,0.9976937540954082
aluminium heart,74.7,10280369.630000032,0.997701003665964
"greeting card, overcrowded pool.",74.7,10280444.330000032,0.9977082532365199
origami opium incense/candle set,74.64,10280518.970000032,0.9977154969841276
pink daisy bag charm,74.64,10280593.610000033,0.9977227407317354
assorted farmyard animals in bucket,74.58,10280668.190000033,0.9977299786563949
set/6 posies paper cups,74.57000000000001,10280742.760000033,0.9977372156105629
diamante hair grip pack/2 crystal,74.53,10280817.290000033,0.9977444486827656
"decoration hen on nest, hanging",74.42999999999999,10280891.720000032,0.9977516720500543
lily brooch amethyst colour,74.25,10280965.970000032,0.9977588779484985
necklace+bracelet pink butterfly,73.95,10281039.920000032,0.9977660547322015
drop diamante earrings purple,73.53,10281113.45000003,0.9977731907552667
set of 12 mini bunnies in a bucket,73.5,10281186.95000003,0.9977803238668579
"letter ""c"" bling key ring",72.77,10281259.72000003,0.9977873861325788
purple frangipani necklace,72.66,10281332.38000003,0.9977944377228947
easter bunny with basket on back,72.63,10281405.010000031,0.9978014864017365
watermelon bath sponge,72.49,10281477.500000032,0.997808521493699
4 burgundy wine dinner candles,72.46,10281549.960000033,0.9978155536741875
lush greens ribbons,72.42,10281622.380000032,0.9978225819727105
spotted white natural seed necklace,72.0,10281694.380000032,0.9978295695105956
"flower glass garland neckl.36""blue",71.4,10281765.780000033,0.9978364988189985
set of 36 vintage christmas doilies,71.27,10281837.050000032,0.9978434155110135
origami vanilla incense cones,71.19,10281908.240000032,0.9978503244390975
decrotivevintage coffee grinder box,71.08,10281979.320000032,0.9978572226917765
yellow pot plant candle,71.05,10282050.370000033,0.9978641180329814
"letter ""s"" bling key ring",71.0,10282121.370000033,0.9978710085217293
diamond las vegas necklace 45cm,70.97,10282192.340000033,0.9978778960990032
congratulations bunting,70.85000000000001,10282263.190000033,0.9978847720303805
"greeting card, sticky gordon",70.78,10282333.970000032,0.9978916411683182
stripy design shower cap,70.57,10282404.540000033,0.9978984899259371
wake up cockerel tile hook,70.45,10282474.990000032,0.9979053270376594
eau de nile jewelled t-light holder,70.27,10282545.260000031,0.9979121466805372
cracked glaze necklace red,70.16,10282615.420000032,0.9979189556480098
wrap bad hair day,70.0,10282685.420000032,0.9979257490876204
clear stationery box set,69.89999999999999,10282755.320000032,0.9979325328223174
turquoise bertie glass bead charm,69.85,10282825.170000032,0.9979393117045574
elvis wallhanging / curtain,69.84,10282895.010000031,0.9979460896163062
round purple clock with sucker,69.73,10282964.740000032,0.9979528568526498
set of 36 dolly girl paper doilies,69.66,10283034.400000032,0.9979596172955537
5 strand glass necklace black,69.63,10283104.030000033,0.9979663748269837
crochet white rabbit keyring,69.38,10283173.410000034,0.9979731080961293
silver black orbit bracelet,68.73,10283242.140000034,0.9979797782833356
pink metal swinging bunny,68.69999999999999,10283310.840000033,0.9979864455590677
silver/natural shell necklace,68.0,10283378.840000033,0.9979930449004037
christmas musical zinc heart,67.89999999999999,10283446.740000034,0.9979996345368262
silver lariat black stone earrings,67.87,10283514.610000033,0.9980062212617743
"folk art greeting card,pack/12",67.85000000000001,10283582.460000033,0.9980128060457397
midnight blue copper flower necklac,67.83,10283650.290000033,0.9980193888887224
resin necklace w pastel beads,67.62,10283717.910000032,0.9980259513513863
blue travel first aid kit,67.50999999999999,10283785.420000032,0.998032503138645
"bathroom scales, tropical beach",67.5,10283852.920000032,0.9980390539554125
yellow felt hanging heart w flower,67.39,10283920.310000032,0.9980455940967748
silver drop earrings with flower,67.36,10283987.670000032,0.9980521313266629
new baroque b'fly necklace red,67.28,10284054.95000003,0.9980586607926201
yellow breakfast cup and saucer,67.13000000000001,10284122.080000032,0.9980651757012068
blue disco handbag,66.75999999999999,10284188.840000032,0.9980716547016126
murano style glass bracelet black,66.7,10284255.54000003,0.9980781278790701
"acrylic hanging jewel,pink",66.55,10284322.090000032,0.9980845864991572
beach hut mirror,66.39,10284388.480000032,0.9980910295913823
origami sandlewood incense+flower,66.36000000000001,10284454.840000032,0.9980974697721331
queen of the skies holiday purse,66.26,10284521.100000031,0.9981039002479702
set of 3 coney island oval boxes,66.12,10284587.22000003,0.9981103171369281
space cadet black,65.49,10284652.71000003,0.9981166728849296
"letter ""l"" bling key ring",65.03999999999999,10284717.75000003,0.9981229849608192
pack/12 blue folkart cards,64.9,10284782.65000003,0.9981292834498297
crystal hoop earring floral leaf,64.58,10284847.23000003,0.9981355508831162
biscuit tin vintage leaf,64.56,10284911.79000003,0.99814181637542
pink enamel flower hair tie,64.46000000000001,10284976.250000032,0.9981480721628101
diamante bow brooch black colour,64.38,10285040.630000032,0.9981543201862693
purple enamel flower hair tie,64.28,10285104.910000032,0.9981605585048146
"flower glass garld neckl36""turquois",64.08,10285168.990000032,0.9981667774135324
amber glass/shell/pearl necklace,64.04,10285233.030000031,0.9981729924402847
16 pc cutlery set pantry design,63.8,10285296.830000032,0.9981791841752442
blue square compact mirror,63.75,10285360.580000032,0.9981853710577467
money box first ade design,63.75,10285424.330000032,0.9981915579402493
silver lattice vanilla candle pot,63.75,10285488.080000032,0.9981977448227519
pink fly swat,63.720000000000006,10285551.800000032,0.9982039287937804
black gemstone necklace 45cm,63.480000000000004,10285615.280000033,0.9982100894730159
"acrylic jewel snowflake, pink",63.28000000000001,10285678.560000032,0.9982162307424239
turq ice cream bum bag,63.209999999999994,10285741.770000033,0.9982223652183924
green pendant triple shell necklace,63.11,10285804.880000032,0.998228489989447
samples,63.05,10285867.930000033,0.9982346089375536
christmas craft heart stocking,63.0,10285930.930000033,0.9982407230332031
metal rabbit ladder easter,62.9,10285993.830000034,0.998246827423939
red daisy paper lampshade,62.5,10286056.330000034,0.99825289299502
small hanging glass+zinc lantern,62.349999999999994,10286118.680000033,0.9982589440087303
black bird garden design mug,62.239999999999995,10286180.920000033,0.9982649843470356
fawn and mushroom greeting card,62.06,10286242.980000034,0.9982710072164962
zinc heart lattice charger small,61.95,10286304.930000033,0.9982770194105515
clear acrylic faceted bangle,61.56,10286366.490000034,0.9982829937554435
crystal sea horse phone charm,61.459999999999994,10286427.950000035,0.9982889583954216
flowers handbag blue and orange,61.25,10286489.200000035,0.998294902655081
"wall art ,puddings",61.2,10286550.400000034,0.9983008420622834
amethyst drop earrings w long beads,61.08,10286611.480000034,0.9983067698235893
cd wall tidy red flowers,61.05,10286672.530000035,0.9983126946734213
set of 72 green paper doilies,60.9,10286733.430000035,0.9983186049658826
hanging ridge glass t-light holder,60.84,10286794.270000035,0.9983245094353956
white vintage crystal bracelet,60.75,10286855.020000035,0.9983304051704863
"letter ""k"" bling key ring",60.699999999999996,10286915.720000034,0.99833629605312
oriental red cushion cover,60.45,10286976.170000033,0.9983421626734694
cream climbing hydranga art flower,60.0,10287036.170000033,0.9983479856217072
bili nut and wood necklace,59.89,10287096.060000034,0.9983537978945398
gold diamante star brooch,59.800000000000004,10287155.860000035,0.9983596014329501
"bread bin, diner style, mint",59.8,10287215.660000036,0.9983654049713605
"bread bin, diner style, ivory",59.8,10287275.460000036,0.9983712085097708
set 10 cards dressing up 17077,59.760000000000005,10287335.220000036,0.9983770081662156
i love london wall art,59.400000000000006,10287394.620000036,0.9983827728849709
way out metal sign,59.39999999999999,10287454.020000037,0.9983885376037263
rustic strawberry jampot small,59.39999999999999,10287513.420000037,0.9983943023224816
english rose metal waste bin,59.0,10287572.420000037,0.998400028221582
green enamel flower hair tie,58.71,10287631.130000038,0.9984057259764327
garden path pocket book,58.65,10287689.780000038,0.9984114179083351
pink foxglove artiifcial flower,58.64999999999999,10287748.430000039,0.9984171098402375
columbian  cube candle,58.62,10287807.050000038,0.9984227988606657
silver/amethyst drop earrings leaf,58.43,10287865.480000038,0.9984284694417578
pink round compact mirror,58.16,10287923.640000038,0.9984341138195829
black orange squeezer,57.96,10287981.600000039,0.9984397387875805
teatime pen case & pens,57.8,10288039.40000004,0.9984453482277164
grey acrylic faceted bangle,57.55,10288096.95000004,0.9984509334055677
retro pink ball ashtray,57.5,10288154.45000004,0.9984565137309622
top secret pen set,57.5,10288211.95000004,0.9984620940563567
set 4 nursery des round boxes,57.25,10288269.20000004,0.9984676501194668
"letter ""j"" bling key ring",57.21,10288326.410000041,0.9984732023006115
green easter egg hunt start post,56.779999999999994,10288383.19000004,0.998478712750627
5 strand glass necklace amethyst,56.59,10288439.78000004,0.9984842047613066
pink/purple circle curtain,56.52,10288496.30000004,0.9984896899785465
rose colour pair heart hair slides,56.31,10288552.61000004,0.9984951548154676
blue table run flower,56.25,10288608.86000004,0.9985006138294404
glass and painted beads bracelet to,56.15,10288665.01000004,0.9985060631384995
cracked glaze necklace ivory,55.72,10288720.730000041,0.9985114707164298
classical rose table lamp,55.7,10288776.43000004,0.998516876353377
filigree diamante earrings,55.02,10288831.45000004,0.9985222159969109
black small glass cake stand,54.99,10288886.44000004,0.9985275527289709
silver m.o.p. orbit necklace,54.800000000000004,10288941.240000041,0.9985328710216946
ruby glass cluster earrings,54.62,10288995.86000004,0.9985381718455736
columbian cube candle,54.599999999999994,10289050.46000004,0.9985434707284699
gold washbag,54.57,10289105.03000004,0.9985487666998921
murano style glass bracelet gold,54.42,10289159.45000004,0.9985540481139438
chrysanthemum pocket book,54.4,10289213.85000004,0.9985593275870126
murano style glass bracelet red,54.290000000000006,10289268.14000004,0.9985645963846763
fairy cake notebook a5 size,54.04,10289322.180000039,0.9985698409200556
blue tiled tray,54.0,10289376.180000039,0.9985750815734695
black cherry lights,54.0,10289430.180000039,0.9985803222268835
spaceboy mini rucksack,53.95,10289484.130000038,0.9985855580278404
"greeting card, two sisters.",53.88,10289538.010000039,0.998590787035358
midnight blue drop crystal necklace,53.760000000000005,10289591.770000039,0.9985960043969789
"pearl & shell 42""neckl. green",53.62,10289645.390000038,0.9986012081717207
zinc heart lattice tray oval,53.550000000000004,10289698.940000039,0.9986064051530229
green fern pocket book,53.55,10289752.49000004,0.9986116021343251
little green monster soft toy,53.55,10289806.04000004,0.9986167991156273
turquoise heart of glass bracelet,53.42,10289859.46000004,0.9986219834805417
jet black las vegas necklace 45cm,53.260000000000005,10289912.72000004,0.9986271523175939
"letter ""e"" bling key ring",53.199999999999996,10289965.920000039,0.9986323153316979
blue rose patch purse pink butterfl,52.8,10290018.72000004,0.9986374395261473
white rosebud & pearl necklace,52.72,10290071.44000004,0.9986425559566655
2 daisies hair comb,52.56,10290124.000000041,0.9986476568593218
blue climbing hydranga art flower,52.5,10290176.500000041,0.9986527519390297
diamante necklace purple,52.5,10290229.000000041,0.9986578470187377
hello sailor bathroom set,52.5,10290281.500000041,0.9986629420984457
white/pink mini crystals necklace,52.42,10290333.92000004,0.9986680294142227
turq pendant triple shell necklace,52.31,10290386.230000041,0.9986731060545947
la palmiera tile hook,52.25,10290438.480000041,0.9986781768720183
colourful flower fruit bowl,52.2,10290490.68000004,0.9986832428369851
reto leaves magnetic shopping list,52.199999999999996,10290542.88000004,0.9986883088019518
doorknob ceramic ivory,52.199999999999996,10290595.08000004,0.9986933747669186
french chateau small fruitbowl,51.599999999999994,10290646.680000039,0.998698382502403
large mint diamante hairslide,51.51,10290698.190000039,0.9987033815034649
retro brown ball ashtray,51.25,10290749.440000039,0.9987083552717514
vintage photo album paris days,50.8,10290800.24000004,0.998713285367926
set of 4 green carousel coasters,50.75,10290850.99000004,0.9987182106116438
blue felt hanging heart with flower,50.57,10290901.56000004,0.9987231183865167
silver black orbit drop earrings,50.400000000000006,10290951.96000004,0.9987280096630365
s/3 pot pouri cushions blue colours,50.400000000000006,10291002.36000004,0.9987329009395562
fuschia voile pointy shoe dec,50.31,10291052.67000004,0.9987377834816535
pink feathers curtain,50.28,10291102.95000004,0.9987426631122767
"letter ""d"" bling key ring",49.9,10291152.85000004,0.9987475058642278
"letter ""m"" bling key ring",49.82,10291202.67000004,0.9987523408522478
purple amethyst necklace w tassel,49.81,10291252.480000041,0.9987571748697766
set 10 card kraft reindeer 17084,49.800000000000004,10291302.280000042,0.9987620079168139
vegetable magnetic  shopping list,49.8,10291352.080000043,0.9987668409638513
vintage enamel & crystal necklace,49.760000000000005,10291401.840000043,0.9987716701289231
cherry blossom purse,49.69,10291451.530000042,0.9987764925005552
white enamel flower hair tie,49.65,10291501.180000043,0.9987813109902219
mop pendant shell necklace,49.64,10291550.820000043,0.9987861285093973
riviera necklace,49.59,10291600.410000043,0.9987909411761158
cordial jug,49.5,10291649.910000043,0.9987957451084118
christmas tree t-light holder,49.3,10291699.210000044,0.9988005296308806
set/6 green spring paper cups,48.99,10291748.200000044,0.9988052840681167
pink flowers rabbit easter,48.95,10291797.150000043,0.9988100346233872
glass and painted beads bracelet ol,48.77,10291845.920000043,0.998814767709813
buttons and stripes notebook,48.75,10291894.670000043,0.9988194988552562
flower burst silver ring crystal,48.71,10291943.380000044,0.9988242261187339
cake shop  sticker sheet,48.449999999999996,10291991.830000043,0.9988289281494358
sunjar led night night light,48.39,10292040.220000044,0.9988336243571896
large crystal diamante hairslide,48.209999999999994,10292088.430000044,0.9988383030960987
purple dress jewellery stand,48.19,10292136.620000044,0.9988429798940248
aqua bertie glass bead bag charm,48.06,10292184.680000044,0.9988476440755633
daisy hair comb,47.839999999999996,10292232.520000044,0.9988522869062915
flower garland necklace red,47.7,10292280.220000044,0.9988569161501404
"wall art , loves' secret",47.6,10292327.820000043,0.9988615356890755
white rosebud  pearl earrings,47.43,10292375.250000043,0.9988661387296575
love potion masala incense,47.25,10292422.500000043,0.9988707243013947
set of 6 ice cream skittles,47.2,10292469.700000042,0.9988753050206749
yellow/blue retro radio,47.2,10292516.900000041,0.9988798857399551
red peony table clock,47.2,10292564.10000004,0.9988844664592355
blue monte carlo handbag,46.8,10292610.900000041,0.9988890083588609
pink small glass cake stand,46.8,10292657.700000042,0.9988935502584864
silver/crystal drop earrings w leaf,46.76,10292704.460000042,0.9988980882761462
red polkadot pudding bowl,46.39,10292750.850000042,0.9989025903856255
white wire plant pot holder,46.24,10292797.090000043,0.998907077937734
white hydrangea art flower,46.2,10292843.290000042,0.998911561607877
paper lantern 5 point studded star,46.0,10292889.290000042,0.9989160258681925
romantic images scrap book set,45.9,10292935.190000042,0.9989204804235944
black drop crystal necklace,45.35000000000001,10292980.540000042,0.9989248816019707
black vintage  crystal earrings,45.0,10293025.540000042,0.998929248813149
set 6 cards sparkly reindeer 17262,44.910000000000004,10293070.450000042,0.9989336072899049
ivory pendant triple shell necklace,44.86,10293115.310000041,0.998937960914204
frog sock puppet,44.25000000000001,10293159.560000041,0.9989422553385292
vip holiday purse,44.04,10293203.60000004,0.9989465293825356
blue flower des purse,43.66,10293247.26000004,0.99895076654787
"retro pill box key chain,the king",43.65,10293290.910000041,0.9989550027427129
chunky cracked glaze necklace ivory,43.510000000000005,10293334.42000004,0.9989592253506766
little pink monster soft toy,43.349999999999994,10293377.77000004,0.9989634324307783
blue chenille shaggy cushion cover,43.15,10293420.92000004,0.9989676201010527
pink breakfast cup and saucer,43.050000000000004,10293463.970000042,0.9989717980664132
t-light holder silver saucer,42.919999999999995,10293506.890000042,0.998975963415386
knitted rabbit doll,42.9,10293549.790000042,0.9989801268233759
wrap summer rose design,42.84,10293592.630000042,0.9989842844084177
gold teddy bear,42.7,10293635.330000041,0.9989884284065801
transparent acrylic tape dispenser,42.58,10293677.910000041,0.9989925607588461
pink butterfly washbag,42.29,10293720.20000004,0.9989966649668622
new baroque small necklace black,42.14,10293762.34000004,0.9990007546175079
new baroque b'fly necklace crystal,42.13,10293804.470000042,0.9990048432976623
"wrap, carousel",42.0,10293846.470000042,0.9990089193614287
tranquility masala incense,42.0,10293888.470000042,0.999012995425195
wrap  vintage doiley,42.0,10293930.470000042,0.9990170714889614
white murano twist bracelet,41.790000000000006,10293972.26000004,0.9990211271724089
economy holiday purse,41.53,10294013.79000004,0.9990251576230806
paper lantern 5 point star moon 30,41.5,10294055.29000004,0.9990291851622785
fan black frame,41.47,10294096.76000004,0.9990332097900021
diamante hair grip pack/2 peridot,41.449999999999996,10294138.21000004,0.9990372324767429
diamante hair grip pack/2 ruby,41.37,10294179.58000004,0.9990412473995527
fire polished glass bracelet montan,41.31,10294220.89000004,0.9990452564994144
ant silver fuschia boudicca ring,41.300000000000004,10294262.19000004,0.9990492646287848
candy spot bunny,41.300000000000004,10294303.490000041,0.9990532727581551
cream and pink flowers pony,41.25,10294344.740000041,0.9990572760350686
"string of 8 butterflies,pink",41.24999999999999,10294385.990000041,0.999061279311982
cream bunny easter egg basket,41.24999999999999,10294427.240000041,0.9990652825888954
pink vintage victorian earrings,41.150000000000006,10294468.390000042,0.9990692761608951
drop diamante earrings green,41.080000000000005,10294509.470000042,0.9990732629394552
drop diamante earrings black diamon,41.010000000000005,10294550.480000041,0.9990772429245757
black 3 bead drop earrings,40.96,10294591.440000042,0.9990812180572394
green stone/crystal earrings,40.95,10294632.390000042,0.9990851922194115
classic diamante earrings jet,40.900000000000006,10294673.290000042,0.999089161529127
miniture antique rose hook ivory,40.8,10294714.090000043,0.9990931211339287
doggy rubber,40.53,10294754.620000042,0.9990970545354632
cd wall tidy blue office,40.379999999999995,10294795.000000043,0.9991009733796272
"letter ""g"" bling key ring",40.199999999999996,10294835.200000042,0.9991048747549464
round blue clock with sucker,40.09,10294875.290000042,0.9991087654548606
candy spot tea cosy,40.05,10294915.340000043,0.9991126522728093
green drop earrings w bead cluster,40.03,10294955.370000042,0.9991165371497751
pink rosebud pearl earrings,39.98,10294995.350000042,0.9991204171742842
pink clear glass candle plate,39.92,10295035.270000042,0.999124291375845
rococo wall miror,39.9,10295075.170000043,0.9991281636364232
orange/wht/fuschia stones necklace,39.660000000000004,10295114.830000043,0.9991320126052083
freestyle canvas art picture,39.65,10295154.480000043,0.9991358606035021
childrens spaceboy mug,39.599999999999994,10295194.080000043,0.9991397037493389
pink dog cannister,39.3,10295233.380000044,0.9991435177804348
set/4 butterfly mirror magnets,39.199999999999996,10295272.580000043,0.9991473221066166
multicolour easter rabbit,39.0,10295311.580000043,0.9991511070229712
fuschia table run flower,38.75,10295350.330000043,0.9991548676770413
white vintage crystal earrings,38.7,10295389.030000042,0.9991586234786546
black medium glass cake stand,38.69,10295427.720000042,0.9991623783097764
blue polkadot pudding bowl,38.67,10295466.390000042,0.9991661311999156
assorted colour suction cup hook,38.38,10295504.770000042,0.9991698559458051
pink easter hens+flower,38.31,10295543.080000043,0.9991735738982549
la palmiera wall thermometer,38.25,10295581.330000043,0.9991772860277565
new baroque black boxes,38.25,10295619.580000043,0.999180998157258
gold/amber drop earrings w leaf,38.18,10295657.760000043,0.9991847034933199
flag of st george,37.95,10295695.710000042,0.9991883865080802
pink chrysanthemums art flower,37.800000000000004,10295733.510000043,0.99919205496547
montana diamond cluster necklace,37.66,10295771.170000043,0.9991957098359805
5 strand glass necklace amber,37.620000000000005,10295808.790000042,0.9991993608245255
jet black las vegas bracelet round,37.62,10295846.410000041,0.9992030118130705
paper lantern 9 point holly star 40,37.5,10295883.910000041,0.999206651155719
ivory sculpted rnd candle,37.4,10295921.310000041,0.9992102807934539
black diamond cluster necklace,37.239999999999995,10295958.550000042,0.9992138949033268
hot water bottle babushka large,37.2,10295995.750000041,0.9992175051312341
money box first aid design,36.78,10296032.53000004,0.9992210745985037
"letter ""h"" bling key ring",36.76,10296069.29000004,0.9992246421247907
crystal stiletto phone charm,36.76,10296106.05000004,0.9992282096510776
pink party sunglasses,36.76,10296142.81000004,0.9992317771773646
square metal candleholder base,36.519999999999996,10296179.33000004,0.9992353214118586
white/pink chick easter decoration,36.33,10296215.66000004,0.9992388472070165
crochet bear red/blue  keyring,36.3,10296251.96000004,0.9992423700907004
vanilla incense 40 cones in tin,36.25,10296288.21000004,0.9992458881219273
hen house w family in barn & nest,36.21,10296324.42000004,0.9992494022711889
assorted cakes fridge magnets,35.75,10296360.17000004,0.9992528717778472
necklace+bracelet set fruit salad,35.699999999999996,10296395.87000004,0.9992563364320485
black fine bead necklace w tassel,35.44,10296431.31000004,0.9992597758534743
"retro pill box , revolutionary",35.33,10296466.64000004,0.9992632045994948
amber fine bead necklace w tassel,35.31,10296501.95000004,0.9992666314045328
white heart of glass bracelet,35.31,10296537.26000004,0.9992700582095707
black crystal drop earrings,35.27,10296572.53000004,0.9992734811326431
fire polished glass neckl green,35.160000000000004,10296607.69000004,0.9992768933803103
amethyst hoop earring floral leaf,35.11,10296642.80000004,0.9992803007755208
pink/amethyst/gold necklace,34.870000000000005,10296677.670000039,0.9992836848789381
leaves magnetic  shopping list,34.8,10296712.47000004,0.999287062188916
ivory gold metal bag charm,34.77,10296747.24000004,0.9992904365874198
diamante hair grip pack/2 lt rose,34.69,10296781.930000039,0.9992938032219926
gold aperitif glass,34.32,10296816.25000004,0.9992971339483845
flower blue clock with sucker,33.93,10296850.180000039,0.9993004268256129
funky flower picnic bag for 4,33.9,10296884.08000004,0.9993037167913672
glass bead hoop necklace green,33.82,10296917.90000004,0.9993069989931906
new baroque b'fly necklace green,33.81,10296951.71000004,0.9993102802245226
blue stones on wire for candle,33.75,10296985.46000004,0.9993135556329064
glass and beads bracelet ivory,33.69,10297019.15000004,0.9993168252183418
black sil't squ candle plate,33.6,10297052.75000004,0.9993200860693549
amber glass tassle bag charm,33.440000000000005,10297086.190000039,0.999323331392506
dolly girl mini rucksack,33.2,10297119.390000038,0.999326553423864
white with black cats plate,33.18,10297152.570000038,0.9993297735142395
white christmas flock droplet,32.51,10297185.080000037,0.9993329285816929
hardman mug 3 assorted,32.42,10297217.500000037,0.999336074914724
flower fairy incense bouquet,32.349999999999994,10297249.850000037,0.9993392144543154
danish rose umbrella stand,31.9,10297281.750000037,0.9993423103217952
"flower glass garland neckl.36""green",31.8,10297313.550000038,0.9993453964843613
set/9 christmas t-lights scented,31.25,10297344.800000038,0.9993484292699018
set 12 colour pencils doiley,31.200000000000003,10297376.000000037,0.9993514572029852
set 10 cards cheerful robin 17065,31.200000000000003,10297407.200000037,0.9993544851360688
yuletide images s/6 paper boxes,30.599999999999998,10297437.800000036,0.99935745483967
baking mould cupcake chocolate,30.599999999999998,10297468.400000036,0.9993604245432712
baking mould chocolate cup cakes,30.599999999999998,10297499.000000035,0.9993633942468724
cannabis leaf bead curtain,30.599999999999998,10297529.600000035,0.9993663639504735
multicolour polkadot plate,30.43,10297560.030000035,0.9993693171557214
diamante necklace black,30.12,10297590.150000034,0.9993722402757367
birthday banner tape,30.0,10297620.150000034,0.9993751517498555
enamel bowl pantry,30.0,10297650.150000034,0.9993780632239744
enamel jug pantry,30.0,10297680.150000034,0.9993809746980933
black christmas flock droplet,30.0,10297710.150000034,0.9993838861722121
butterfly cushion cover,30.0,10297740.150000034,0.999386797646331
gift bag large 50's christmas,30.0,10297770.150000034,0.9993897091204498
diamante necklace green,29.98,10297800.130000034,0.999392618653586
black gemstone bracelet,29.98,10297830.110000035,0.9993955281867221
fire polished glass bracelet red,29.96,10297860.070000036,0.9993984357788755
capiz chandelier,29.95,10297890.020000035,0.9994013424005375
jade crystal+glass bracelet,29.93,10297919.950000035,0.9994042470812167
glass cake cover and plate,29.9,10297949.850000035,0.9994071488504218
silver/black orbit necklace,29.849999999999998,10297979.700000035,0.9994100457671701
pale pink/amethyst stone necklace,29.849999999999998,10298009.550000034,0.9994129426839182
cote d'azure necklace,29.790000000000003,10298039.340000033,0.9994158337777181
pink murano twist bracelet,29.73,10298069.070000034,0.99941871904857
antique olive green flower earrings,29.73,10298098.800000034,0.9994216043194218
lighthouse printed metal sign,29.700000000000003,10298128.500000034,0.9994244866787995
"wall art,only one person",29.700000000000003,10298158.200000033,0.9994273690381771
modern vintage cotton shopping bag,29.7,10298187.900000032,0.9994302513975546
pink flock glass candleholder,29.68,10298217.580000032,0.9994331318159495
"acrylic jewel angel,pink",29.64,10298247.220000032,0.999436008352379
"letter ""i"" bling key ring",29.619999999999997,10298276.840000032,0.9994388829478256
cherry blossom table clock,29.599999999999998,10298306.440000031,0.9994417556022895
ant silver purple boudicca ring,29.500000000000004,10298335.940000031,0.9994446185518397
15 pink fluffy chicks in box,29.5,10298365.440000031,0.99944748150139
old doc russel metal sign,29.400000000000002,10298394.840000032,0.9994503347460264
french chateau oval platter,29.25,10298424.090000032,0.9994531734332923
"letter ""n"" bling key ring",29.23,10298453.320000032,0.9994560101795755
glow in dark dolphins,29.19,10298482.510000031,0.9994588430438931
black drop earrings w long beads,29.05,10298511.560000032,0.9994616623213316
glitter snow pear tree decoration,28.999999999999996,10298540.560000032,0.9994644767463131
silver/nat shell necklace w pendant,28.76,10298569.320000032,0.9994672678795017
white allium  artificial flower,28.73,10298598.050000032,0.9994700561012162
clear crystal star phone charm,28.569999999999997,10298626.620000033,0.9994728287950688
glass bead hoop earrings amethyst,28.4,10298655.020000033,0.999475584990568
ass col large sand frog p'weight,28.35,10298683.370000033,0.9994783363336103
pack of 12 doiley tissues,28.08,10298711.450000033,0.9994810614733856
purple foxglove artiifcial flower,28.049999999999997,10298739.500000034,0.9994837837016868
jade green enamel hair comb,28.02,10298767.520000033,0.9994865030185137
"letter ""r"" bling key ring",28.009999999999998,10298795.530000033,0.9994892213648493
pink new baroque flock candlestick,27.900000000000002,10298823.430000033,0.9994919290357799
set 10 xmas cards & badges 17070,27.39,10298850.820000034,0.9994945872116504
set 10 cards out of order 17216,27.39,10298878.210000034,0.999497245387521
assorted coloured circle mobile,27.3,10298905.510000035,0.9994998948289693
large round cutglass candlestick,27.14,10298932.650000036,0.9995025287425555
envelope 50 curious images,27.02,10298959.670000035,0.9995051510102452
high resolution image,27.0,10298986.670000035,0.9995077713369521
pink cherry lights,27.0,10299013.670000035,0.9995103916636591
dusty pink christmas tree 60cm,26.550000000000004,10299040.220000036,0.9995129683182543
frog king watering can,26.55,10299066.770000037,0.9995155449728496
diamante hair grip pack/2 black dia,26.52,10299093.290000036,0.9995181187159706
gingham oven glove red heart,26.490000000000002,10299119.780000037,0.9995206895476176
best dad candle letters,26.349999999999998,10299146.130000036,0.9995232467923852
purple las vegas bracelet round,26.25,10299172.380000036,0.9995257943322393
set 10 cards wishing tree 17116,26.19,10299198.570000036,0.999528336049145
blue felt hanging heart w flower,26.11,10299224.680000035,0.9995308700021197
blue easter egg hunt start post,25.81,10299250.490000036,0.9995333748403533
glass bead hoop necklace amethyst,25.5,10299275.990000036,0.9995358495933544
set of 16 vintage ivory cutlery,25.5,10299301.490000036,0.9995383243463554
glass bead hoop necklace montana,25.32,10299326.810000036,0.9995407816305117
tiny crystal bracelet green,25.279999999999998,10299352.090000035,0.9995432350327025
purple vintage earrings,25.17,10299377.260000035,0.9995456777594882
drop earrings w flower & leaf,25.13,10299402.390000036,0.9995481166043085
ivory shell heart earrings,25.07,10299427.460000036,0.9995505496261805
ivory pantry hanging lamp,25.0,10299452.460000036,0.9995529758546129
ladle love heart pink,24.98,10299477.440000037,0.9995554001420626
bell heart antique gold,24.96,10299502.400000038,0.9995578224885295
silver/black pendant orbit necklace,24.96,10299527.360000039,0.9995602448349965
set 10 cards perfect post 17090,24.900000000000002,10299552.260000039,0.9995626613585152
set of 4 knick knack tins  doiley,24.900000000000002,10299577.16000004,0.9995650778820339
s/4 black disco partition panel,24.869999999999997,10299602.030000038,0.9995674914940783
copper and brass bag charm,24.810000000000002,10299626.840000039,0.9995698992831746
diamante hair grip pack/2 montana,24.79,10299651.630000038,0.9995723051312881
"letter ""b"" bling key ring",24.77,10299676.400000038,0.9995747090384188
girly pink tool set,24.75,10299701.150000038,0.9995771110045669
silver looking mirror,24.75,10299725.900000038,0.999579512970715
garden path notebook,24.75,10299750.650000038,0.999581914936863
orange pendant triple shell necklac,24.75,10299775.400000038,0.9995843169030111
75 black petit four cases,24.36,10299799.760000037,0.9995866810199956
montana diamond cluster earrings,24.119999999999997,10299823.880000036,0.999589021845187
set/3 floral garden tools in bag,23.85,10299847.730000036,0.9995913364671115
pink/white ribbed melamine jug,23.85,10299871.580000035,0.999593651089036
toast its - dinosaur,23.75,10299895.330000035,0.9995959560060467
white bird garden design mug,23.63,10299918.960000036,0.999598249277161
rabbit easter decoration,23.6,10299942.560000036,0.9996005396368012
crystal czech cross phone charm,23.47,10299966.030000037,0.9996028173800535
"garland, magic garden 1.8m",23.4,10299989.430000037,0.9996050883298663
cannister vintage leaf design,23.4,10300012.830000037,0.999607359279679
diamante necklace,23.32,10300036.150000038,0.9996096224655607
set 10 card christmas welcome 17112,23.28,10300059.430000037,0.9996118817694769
amber 3 bead drop earrings,23.2,10300082.630000036,0.9996141333094621
purple frangipani hairclip,23.16,10300105.790000036,0.9996163809674818
storage tin vintage doiley,23.13,10300128.920000037,0.9996186257140276
zinc plant pot holder,23.12,10300152.040000036,0.9996208694900818
hanging heart basket,23.1,10300175.140000036,0.9996231113251532
pink felt easter egg basket,23.099999999999998,10300198.240000036,0.9996253531602247
dotcomgiftshop tea towel,23.089999999999996,10300221.330000035,0.9996275940248048
"letter ""y"" bling key ring",22.839999999999996,10300244.170000035,0.9996298106271007
zinc t-light holder stars large,22.799999999999997,10300266.970000036,0.9996320233474311
cracked glaze earrings red,22.58,10300289.550000036,0.9996342147169512
fire polished glass bracelet black,22.48,10300312.030000037,0.9996363963815577
classic diamante necklace jet,22.48,10300334.510000037,0.9996385780461641
set 10 christmas cards hohoho 16956,22.410000000000004,10300356.920000037,0.9996407529173309
set 10 cards scottie dog 17211,22.410000000000004,10300379.330000037,0.9996429277884977
bird box christmas tree decoration,22.06,10300401.390000038,0.9996450686924665
"pearl & shell 42""neckl. ivory",21.5,10300422.890000038,0.9996471552489183
bird on branch canvas screen,21.45,10300444.340000037,0.9996492369529132
crochet dog keyring,21.449999999999996,10300465.790000036,0.9996513186569081
floral blue monster,21.25,10300487.040000036,0.9996533809510756
antique mid blue flower earrings,21.15,10300508.190000037,0.9996554335403295
antique opal white flower earrings,21.130000000000003,10300529.320000038,0.9996574841886006
amber bertie glass bead bag charm,21.05,10300550.370000038,0.9996595270729407
wrap a pretty thank you,21.0,10300571.370000038,0.999661565104824
keep calm birthday wrap,21.0,10300592.370000038,0.9996636031367071
wrap green russian folkart,21.0,10300613.370000038,0.9996656411685904
antique raspberry flower earrings,20.950000000000003,10300634.320000038,0.9996676743480166
heavens scent fragrance oils asstd,20.88,10300655.200000038,0.9996697007340034
woodland mini rucksack,20.75,10300675.950000038,0.9996717145036023
rose pendant triple shell necklace,20.36,10300696.310000038,0.9996736904240375
"letter ""p"" bling key ring",20.229999999999997,10300716.540000038,0.999675653728085
white silver necklace shell glass,20.17,10300736.710000038,0.9996776112091843
blue flock cushion cover,20.0,10300756.710000038,0.9996795521919302
set 10 cards jingle bells 16957,19.92,10300776.630000038,0.9996814854107451
set 10 cards jingle bells 17217,19.92,10300796.550000038,0.99968341862956
set 10 cards snowy snowdrops  17100,19.92,10300816.470000038,0.9996853518483749
"cakestand, 3 tier, loveheart",19.9,10300836.370000038,0.9996872831262071
giant medina stamped metal bowl,19.9,10300856.270000039,0.9996892144040394
yellow/pink ceramic candle holder,19.81,10300876.08000004,0.9996911369474492
resin bracelet w pastel beads,19.8,10300895.88000004,0.9996930585203677
pink small jewelled photoframe,19.799999999999997,10300915.68000004,0.9996949800932862
doorknob cracked glaze green,19.799999999999997,10300935.480000041,0.9996969016662047
enamel dinner plate pantry,19.799999999999997,10300955.280000042,0.9996988232391233
doorknob cracked glaze pink,19.799999999999997,10300975.080000043,0.9997007448120417
yellow/orange flower design plate,19.72,10300994.800000044,0.9997026586210292
french chateau large fruit bowl,19.5,10301014.300000044,0.9997045510792065
"retro tin ashtray,revolutionary",19.4,10301033.700000044,0.99970643383247
white beaded garland string 20light,19.049999999999997,10301052.750000045,0.9997082826185356
crystal chandelier t-light holder,18.75,10301071.500000045,0.9997101022898599
dairy maid  pudding bowl,18.75,10301090.250000045,0.9997119219611842
clam shell large,18.75,10301109.000000045,0.9997137416325085
purple/copper hanging lampshade,18.7,10301127.700000044,0.9997155564513759
small tahiti beach bag,18.6,10301146.300000044,0.9997173615653295
pearl and cherry quartz braclet,18.27,10301164.570000043,0.9997191346530678
black feather christmas decoration,18.240000000000002,10301182.810000043,0.9997209048293321
cupid scented candle in glass,18.15,10301200.960000044,0.999722666271174
fire polished glass neckl bronze,17.85,10301218.810000043,0.9997243985982748
vintage glass tea caddy,17.85,10301236.660000043,0.9997261309253754
ladle love heart red,17.82,10301254.480000043,0.999727860341002
large tahiti beach bag,17.82,10301272.300000044,0.9997295897566286
ant silver turquoise boudicca ring,17.700000000000003,10301290.000000043,0.9997313075263587
round cactus candle,17.700000000000003,10301307.700000042,0.9997330252960888
glass bead hoop earrings black,17.66,10301325.360000042,0.9997347391838534
purple fine bead necklace w tassel,17.59,10301342.950000042,0.9997364462781784
midnight blue crystal drop earrings,17.509999999999998,10301360.460000042,0.9997381456085724
white stone/crystal earrings,17.5,10301377.960000042,0.999739843968475
pink/white christmas tree 30cm,17.48,10301395.440000042,0.999741540387395
set 10 cards xmas graphic  17218,17.43,10301412.870000042,0.9997432319538581
jam jar with blue lid,17.28,10301430.150000041,0.9997449089629504
pink/green flower design big mug,17.16,10301447.310000041,0.9997465743261464
vintage bead pink jewel box,17.0,10301464.310000041,0.9997482241614805
english rose scented hanging heart,17.0,10301481.310000041,0.9997498739968145
mint diner clock,17.0,10301498.310000041,0.9997515238321485
holly top christmas stocking,17.0,10301515.310000041,0.9997531736674825
glass bead hoop necklace black,17.0,10301532.310000041,0.9997548235028165
glass bell jar large,17.0,10301549.310000041,0.9997564733381505
*boombox ipod classic,16.98,10301566.290000042,0.9997581212325019
*usb office mirror ball,16.94,10301583.230000041,0.9997597652448876
dad's cab electronic meter,16.94,10301600.17000004,0.9997614092572733
new baroque b'fly necklace pink,16.82,10301616.990000041,0.9997630416237626
new baroque b'fly necklace montana,16.810000000000002,10301633.800000042,0.9997646730197607
pink poodle hanging decoration,16.8,10301650.600000042,0.9997663034452673
blue/yellow flower design big mug,16.77,10301667.370000042,0.9997679309592997
set 10 cards christmas tree 16955,16.65,10301684.020000042,0.9997695468274357
haynes camper shoulder bag,16.63,10301700.650000043,0.9997711607545889
pink combo mini crystals necklace,16.310000000000002,10301716.960000044,0.9997727436260183
blue hole punch,16.25,10301733.210000044,0.9997743206744993
vintage bead pink shade,16.25,10301749.460000044,0.9997758977229804
playing cards vintage doiley,16.25,10301765.710000044,0.9997774747714614
pink crystal skull phone charm,16.22,10301781.930000044,0.9997790489084685
"letter ""v"" bling key ring",15.979999999999999,10301797.910000045,0.9997805997536825
3 wick christmas briar candle,15.97,10301813.880000046,0.9997821496284052
ocean stripe hammock,15.9,10301829.780000046,0.9997836927096881
blue shark helicopter,15.9,10301845.680000046,0.9997852357909712
glass bell jar small,15.8,10301861.480000047,0.9997867691673405
ooh la la dogs collar,15.79,10301877.270000046,0.9997883015732183
gold flower cushion cover,15.6,10301892.870000046,0.9997898155397601
blue netting storage hanger,15.6,10301908.470000045,0.9997913295063019
"letter ""f"" bling key ring",15.429999999999998,10301923.900000045,0.9997928269744902
baking mould toffee cup  chocolate,15.299999999999999,10301939.200000046,0.999794311826291
flower fairy 5 summer draw liners,15.299999999999999,10301954.500000047,0.9997957966780916
"acrylic jewel snowflake,pink",15.299999999999999,10301969.800000047,0.9997972815298923
light topaz teal/aqua col necklace,15.16,10301984.960000047,0.9997987527948138
lilac votive candle,15.120000000000001,10302000.080000047,0.9998002201777696
pink sweetie necklace,15.120000000000001,10302015.200000046,0.9998016875607254
pink christmas flock droplet,15.02,10302030.220000045,0.9998031452387676
ruby glass cluster necklace,15.0,10302045.220000045,0.9998046009758269
painted heart wreath with bell,15.0,10302060.220000045,0.9998060567128864
set of 6 easter rainbow chicks,15.0,10302075.220000045,0.9998075124499458
rose flower candle+incense 16x16cm,15.0,10302090.220000045,0.9998089681870053
silver 2 strand necklace-leaf charm,15.0,10302105.220000045,0.9998104239240646
enamel mug pantry,15.0,10302120.220000045,0.9998118796611241
3 pink hen+chicks in basket,15.0,10302135.220000045,0.9998133353981835
pink flock photo frame,15.0,10302150.220000045,0.999814791135243
pink flock suede cushion cover,15.0,10302165.220000045,0.9998162468723023
pink/white glass demi choker,15.0,10302180.220000045,0.9998177026093618
baroque butterfly earrings crystal,14.96,10302195.180000046,0.9998191544644558
set 10 cards david's madonna 17074,14.940000000000001,10302210.120000046,0.9998206043785669
folding mirror red,14.939999999999998,10302225.060000045,0.9998220542926781
folding mirror ivory,14.939999999999998,10302240.000000045,0.9998235042067892
white with metal bag charm,14.850000000000001,10302254.850000044,0.999824945386478
curious images scrap book set,14.850000000000001,10302269.700000044,0.9998263865661668
green with metal bag charm,14.850000000000001,10302284.550000044,0.9998278277458555
crochet rose des clothes hanger,14.750000000000002,10302299.300000044,0.9998292592206307
set 10 cards xmas choir 17068,14.55,10302313.850000044,0.9998306712855785
amethyst 3 bead drop earrings,14.5,10302328.350000044,0.9998320784980692
glass bead hoop earrings green,14.5,10302342.850000044,0.99983348571056
pastel blue photo album,14.5,10302357.350000044,0.9998348929230507
yellow/pink flower design big mug,14.43,10302371.780000044,0.9998362933421019
carousel ponies baby bib,14.37,10302386.150000043,0.9998376879382047
cracked glaze necklace brown,14.14,10302400.290000044,0.9998390602130062
blue check bag w handle 34x20cm,14.11,10302414.400000043,0.9998404295763333
antique silver book mark with beads,14.11,10302428.510000043,0.9998417989396605
"wall art , the magic forest",13.9,10302442.410000043,0.9998431479226689
light pink flock glass candleholder,13.680000000000003,10302456.090000043,0.9998444755548671
green/blue flower design big mug,13.65,10302469.740000043,0.9998458002755912
envelope 50 romantic images,13.58,10302483.320000043,0.9998471182028758
black vint art dec crystal bracelet,13.5,10302496.820000043,0.9998484283662292
"letter ""t"" bling key ring",13.459999999999999,10302510.280000044,0.9998497346476173
pink hanging gingham easter hen,13.44,10302523.720000044,0.9998510389880224
blue hanging gingham easter hen,13.44,10302537.160000043,0.9998523433284277
silver and black orbit necklace,13.350000000000001,10302550.510000043,0.9998536389344105
set 10 cards magical tree 17086,13.32,10302563.830000043,0.9998549316289193
christmas table candle silver spike,13.28,10302577.110000042,0.9998562204414625
set 10 cards hats & stockings 17081,13.28,10302590.390000042,0.9998575092540057
72 cake cases vintage christmas,13.200000000000001,10302603.59000004,0.9998587903026179
green/blue ceramic candle holder,13.2,10302616.79000004,0.9998600713512302
wise man star shape egg pan,13.14,10302629.93000004,0.9998613465768943
"pet mug, goldfish",13.1,10302643.03000004,0.9998626179205928
the king gift bag,13.0,10302656.03000004,0.9998638795593776
wine bottle dressing dark blue,12.969999999999999,10302669.000000041,0.9998651382866884
pink tall porcelain t-light holder,12.75,10302681.750000041,0.9998663756631889
camouflage dog collar,12.72,10302694.470000042,0.9998676101282155
potting shed sow 'n' grow set,12.72,10302707.190000042,0.9998688445932419
freshwater pearl bracelet ivory,12.7,10302719.890000042,0.9998700771172855
cracked glaze earrings brown,12.53,10302732.42000004,0.9998712931429757
tiny crystal bracelet blue,12.52,10302744.94000004,0.9998725081981745
marie antoienett trinket box gold,12.5,10302757.44000004,0.9998737213123907
blue teatime print bowl,12.5,10302769.94000004,0.9998749344266069
set 10 cards christmas holly  17259,12.48,10302782.42000004,0.9998761455998404
filigree diamante chain,12.48,10302794.900000041,0.9998773567730739
set 10 card snowman 16965,12.450000000000001,10302807.35000004,0.9998785650348332
ass col small sand gecko p'weight,12.18,10302819.53000004,0.9998797470933254
flag of st george car flag,12.16,10302831.69000004,0.9998809272108349
laser cut multi strand necklace,11.95,10302843.64000004,0.9998820869480255
purple chunky glass+bead necklace,11.95,10302855.590000039,0.9998832466852161
pink baroque flock candle holder,11.9,10302867.49000004,0.99988440156995
blue gingham rose cushion cover,11.9,10302879.39000004,0.9998855564546838
blue white plastic rings lampshade,11.899999999999999,10302891.29000004,0.9998867113394176
"letter ""z"" bling key ring",11.84,10302903.13000004,0.9998878604012033
blue breakfast cup and saucer,11.8,10302914.93000004,0.9998890055810233
"acrylic jewel icicle, blue",11.780000000000001,10302926.71000004,0.9998901488198606
the king gift bag 25x24x12cm,11.76,10302938.47000004,0.9998912901177153
pop art push down rubber,11.759999999999998,10302950.23000004,0.9998924314155698
set 10 cards rudolphs nose 17097,11.64,10302961.87000004,0.9998935610675279
set 10 cards 12 days of xmas 17059,11.64,10302973.51000004,0.9998946907194861
small single flame candle holder,11.549999999999999,10302985.060000041,0.999895811637022
set/4 garden rose dinner candle,11.549999999999999,10302996.610000042,0.9998969325545578
blue/green shell necklace w pendant,11.46,10303008.070000043,0.9998980447376713
"food cover with beads , set 2 sizes",11.25,10303019.320000043,0.9998991365404658
baroque butterfly earrings pink,11.19,10303030.510000043,0.9999002225203122
yellow pink flower design big bowl,10.92,10303041.430000043,0.9999012822968913
"s/4 icon coaster,elvis lives",10.61,10303052.040000042,0.9999023119882381
wrap blue russian folkart,10.5,10303062.540000042,0.9999033310041796
wrap  pink flock,10.5,10303073.040000042,0.9999043500201212
folkart christmas tree t-light hold,10.260000000000002,10303083.300000042,0.9999053457442698
blue organdy round lampshade w bea,10.2,10303093.500000041,0.9999063356454702
folkart zinc star christmas dec,10.2,10303103.70000004,0.9999073255466705
pink boudoir t-light holder,10.2,10303113.90000004,0.9999083154478708
lilac gauze butterfly lampshade,10.08,10303123.98000004,0.9999092937031748
zinc star t-light holder,10.0,10303133.98000004,0.9999102641945478
cracked glaze earrings ivory,9.99,10303143.97000004,0.9999112337154293
set 10 cards printed graphic 17219,9.96,10303153.93000004,0.9999122003248369
set 10 cards filigree bauble 16961,9.96,10303163.890000042,0.9999131669342445
set 10 card perfect nativity 17089,9.96,10303173.850000042,0.999914133543652
set 10 cards poinsettia 17093,9.96,10303183.810000043,0.9999151001530595
set/4 2 tone egg shape mixing bowls,9.95,10303193.760000043,0.9999160657919756
s/2 beach hut treasure chests,9.95,10303203.710000042,0.9999170314308916
boxed glass ashtray,9.94,10303213.650000041,0.9999179960993162
purple/blue ceramic candle holder,9.879999999999999,10303223.530000042,0.9999189549447928
lilac feathers curtain,9.48,10303233.010000043,0.9999198749706144
hand painted hanging easter egg,9.24,10303242.250000043,0.999920771704643
enamel blue rim tea container,9.18,10303251.430000043,0.9999216626157234
black glass/shell/pearl necklace,9.15,10303260.580000043,0.9999225506153296
orange flower mug,9.06,10303269.640000043,0.9999234298805136
red rose and lace c/cover,8.850000000000001,10303278.490000043,0.9999242887653786
vintage notebook beauty girl,8.850000000000001,10303287.340000043,0.9999251476502437
folding shoe tidy,8.850000000000001,10303296.190000042,0.9999260065351087
black diamond cluster earrings,8.82,10303305.010000043,0.9999268625084996
amber crystal drop earrings,8.76,10303313.770000042,0.9999277126589423
purple crystal drop earrings,8.76,10303322.530000042,0.999928562809385
glass bead hoop earrings montana,8.76,10303331.290000042,0.9999294129598277
red purse with pink heart,8.75,10303340.040000042,0.999930262139779
red stone/crystal earrings,8.7,10303348.740000041,0.9999311064672735
cute bird ceature screen,8.58,10303357.320000041,0.9999319391488715
white frangipani hair clip,8.5,10303365.820000041,0.9999327640665384
beaded love heart jewellery set,8.5,10303374.320000041,0.9999335889842055
m/colour pom-pom curtain,8.5,10303382.820000041,0.9999344139018724
ocean scent candle jewelled drawer,8.47,10303391.290000042,0.9999352359080654
country cottage  doorstop green,8.47,10303399.760000043,0.9999360579142583
heart shaped mirror,8.45,10303408.210000042,0.9999368779794684
opulent velvet set/3 candles,8.42,10303416.630000042,0.9999376951332044
dr. jam's arouzer stress ball,8.34,10303424.970000042,0.9999385045230095
set 10 minicards cute snowman 17071,8.299999999999999,10303433.270000042,0.9999393100308491
psychedelic metal sign calendar,7.9,10303441.170000043,0.9999400767190337
maxwell 2 tone blue 60 page photo a,7.85,10303449.020000042,0.9999408385547615
pink fluffy christmas decoration,7.82,10303456.840000043,0.9999415974790151
hanging butterfly  egg,7.6499999999999995,10303464.490000043,0.9999423399049155
freshwater pearl bracelet gold,7.6499999999999995,10303472.140000043,0.9999430823308159
silicon star bulb  blue,7.56,10303479.700000044,0.9999438160222939
black photo album,7.5,10303487.200000044,0.9999445438908235
eight piece creepy crawlie set,7.5,10303494.700000044,0.9999452717593532
baroque butterfly earrings black,7.5,10303502.200000044,0.999945999627883
pink cherry blossom cup & saucer,7.5,10303509.700000044,0.9999467274964127
"ruby glass necklace 42""",7.5,10303517.200000044,0.9999474553649425
set 10 cards world children 17067,7.470000000000001,10303524.670000045,0.9999481803219981
blue stripes shoulder bag,7.469999999999999,10303532.140000045,0.9999489052790538
pink leaves and beads phone charm,7.43,10303539.570000045,0.9999496263541438
a4 wall tidy red flowers,7.37,10303546.940000044,0.9999503416062856
jardin etched glass butter dish,7.25,10303554.190000044,0.999951045212531
army camo bookcover tape,7.14,10303561.330000045,0.9999517381433713
"letter ""w"" bling key ring",6.819999999999999,10303568.150000045,0.9999524000184877
"letter ""o"" bling key ring",6.819999999999999,10303574.970000045,0.9999530618936041
rasta in bath w spliff ashtray,6.8,10303581.770000046,0.9999537218277378
purple anemone artificial flower,6.76,10303588.530000046,0.9999543778799058
white dove honeycomb paper garland,6.72,10303595.250000047,0.9999550300501086
4 gold flock christmas balls,6.72,10303601.970000047,0.9999556822203113
spots on red bookcover tape,6.72,10303608.690000048,0.9999563343905139
elephant clip w suction cup,6.72,10303615.410000049,0.9999569865607166
set 10 mini santa & snowman  17087,6.64,10303622.05000005,0.9999576309669883
blue/yellow ceramic candle holder,6.6,10303628.650000049,0.9999582714912945
large black diamante hairslide,6.6,10303635.250000048,0.9999589120156005
amber bertie mobile phone charm,6.58,10303641.830000049,0.9999595505989239
assorted colour silk glasses case,6.300000000000001,10303648.13000005,0.9999601620084889
pink gauze butterfly lampshade,6.3,10303654.43000005,0.999960773418054
turquoise christmas tree,6.25,10303660.68000005,0.9999613799751621
"pocket mirror ""glamorous""",6.25,10303666.93000005,0.9999619865322702
bling key ring stand,6.25,10303673.18000005,0.9999625930893783
set 10 cards christmas robin 17095,6.24,10303679.42000005,0.999963198675995
blue/nat shell necklace w pendant,5.95,10303685.37000005,0.9999637761183618
fire polished glass neckl gold,5.95,10303691.320000049,0.9999643535607287
black flower candle plate,5.949999999999999,10303697.270000048,0.9999649310030955
white christmas tree 60cm,5.9,10303703.170000048,0.9999655035930056
gold m.o.p. orbit necklace,5.9,10303709.070000049,0.9999660761829157
st george set of 10 party lights,5.9,10303714.97000005,0.9999666487728257
hen house with chick standing,5.88,10303720.85000005,0.9999672194217532
set 10 cards robin waterpump  17096,5.82,10303726.67000005,0.9999677842477322
set 10 cards swirly xmas tree 17104,5.82,10303732.49000005,0.9999683490737113
set 10 card christmas stamps 16963,5.82,10303738.31000005,0.9999689138996903
green crystal drop earrings,5.8,10303744.110000052,0.9999694767846867
brown vintage victorian earrings,5.8,10303749.910000052,0.9999700396696831
set 10 cards hanging baubles 17080,5.48,10303755.390000053,0.9999705714989555
set of 3 pink flying ducks,5.45,10303760.840000052,0.9999711004167537
mummy mouse red gingham ribbon,5.45,10303766.290000051,0.999971629334552
round articulated pink clock w/suck,5.32,10303771.610000052,0.9999721456359624
polyester filler pad 60x40cm,5.1,10303776.710000051,0.9999726405865625
new england mug w gift box,5.1,10303781.81000005,0.9999731355371627
green pendant shell necklace,5.09,10303786.90000005,0.9999736295172715
pink allium  artificial flower,5.07,10303791.970000051,0.9999741215563976
robin christmas card,5.02,10303796.99000005,0.9999746087430669
set 10 cards deck the halls 16960,4.98,10303801.970000051,0.9999750920477706
orange/fuschia stones necklace,4.98,10303806.950000051,0.9999755753524744
purple leaves and beads phone char,4.97,10303811.920000052,0.9999760576866868
green leaves and beads phone charm,4.97,10303816.890000053,0.9999765400208992
lily brooch white/silver colour,4.95,10303821.840000052,0.9999770204141287
blossom images scrap book set,4.95,10303826.790000051,0.9999775008073583
vintage bead pink jewel stand,4.95,10303831.74000005,0.9999779812005878
large heart flowers hook,4.92,10303836.66000005,0.9999784586823434
pink beads+hand phone charm,4.92,10303841.58000005,0.9999789361640988
blue new baroque flock candlestick,4.65,10303846.23000005,0.9999793874425873
flower purple clock with sucker,4.64,10303850.870000051,0.9999798377505844
"silicon cube 25w, blue",4.62,10303855.49000005,0.9999802861175986
metal base for candles,4.62,10303860.11000005,0.9999807344846128
3 black cats w hearts blank card,4.5600000000000005,10303864.67000005,0.999981177028679
pink acrylic jewel snowflake,4.5600000000000005,10303869.23000005,0.999981619572745
cute rabbit ceature screen,4.29,10303873.52000005,0.999982035913544
cake stand lace white,4.25,10303877.77000005,0.9999824483723775
ubo-light triobase purple,4.25,10303882.02000005,0.999982860831211
flower purple clock w/sucker,4.25,10303886.27000005,0.9999832732900444
frying pan red polkadot,4.25,10303890.52000005,0.999983685748878
blue padded soft mobile,4.25,10303894.77000005,0.9999840982077115
gold cosmetic bag pink star,4.2,10303898.97000005,0.999984505814088
light decoration battery operated,4.2,10303903.170000048,0.9999849134204646
"mug , dotcomgiftshop.com",4.17,10303907.340000048,0.9999853181153672
i love london mini rucksack,4.15,10303911.490000049,0.9999857208692869
asstd rasta key-chains,3.7800000000000002,10303915.270000048,0.9999860877150258
blue crusoe check lampshade,3.78,10303919.050000047,0.9999864545607647
blue leaves and beads phone charm,3.76,10303922.810000047,0.9999868194655209
robot mug in display box,3.75,10303926.560000047,0.9999871833997859
baroque butterfly earrings montana,3.73,10303930.290000048,0.999987545393068
baroque butterfly earrings red,3.73,10303934.020000048,0.9999879073863501
gold print paper bag,3.6100000000000003,10303937.630000047,0.9999882577337357
folding camping scissor w/knif & s,3.5999999999999996,10303941.230000047,0.99998860711063
asstd design bubble gum ring,3.5700000000000003,10303944.800000047,0.9999889535760501
pastel pink photo album,3.5,10303948.300000047,0.9999892932480307
"letter ""u"" bling key ring",3.4799999999999995,10303951.780000048,0.9999896309790285
ubo-light triobase blue,3.4,10303955.180000048,0.9999899609460953
white anemone artificial flower,3.38,10303958.560000049,0.9999902889721795
pink bertie mobile phone charm,3.36,10303961.920000048,0.9999906150572807
gardeners kneeling pad,3.36,10303965.280000048,0.999990941142382
watering can single hook pistachio,3.36,10303968.640000047,0.9999912672274832
keep out girls door hanger,3.36,10303972.000000047,0.9999915933125845
set 10 cards christmas bauble 16954,3.33,10303975.330000047,0.9999919164862117
blue drop earrings w bead cluster,3.32,10303978.650000047,0.9999922386893475
hearts wrapping tape,3.25,10303981.900000047,0.9999925540990438
wine bottle dressing lt.blue,3.0399999999999996,10303984.940000046,0.999992849128421
set 10 cards snowy robin 17099,2.91,10303987.850000046,0.9999931315414106
set 10 cards triangle icons  17220,2.91,10303990.760000046,0.9999934139544001
set 10 cards 3 wise men 17107,2.91,10303993.670000046,0.9999936963673897
necklace+bracelet set pink daisy,2.55,10303996.220000047,0.9999939438426898
manual,2.55,10303998.770000048,0.9999941913179899
incense bazaar peach,2.52,10304001.290000048,0.9999944358818159
pink feather christmas decoration,2.51,10304003.800000047,0.9999946794751505
purple/turq flowers handbag,2.5,10304006.300000047,0.9999949220979938
tiny crystal bracelet red,2.48,10304008.780000048,0.9999951627798543
happy birthday card stripey teddy,2.47,10304011.250000048,0.9999954024912234
big polkadot mug,2.34,10304013.590000048,0.9999956295862047
green pop art mao cushion cover,2.2800000000000002,10304015.870000048,0.9999958508582377
dolphin windmill,2.12,10304017.990000047,0.9999960566024086
set/6 ivory bird t-light candles,2.1,10304020.090000046,0.999996260405597
gold cosmetics bag with butterfly,2.1,10304022.190000046,0.9999964642087853
pink dolly hair clips,2.1,10304024.290000046,0.9999966680119735
tea time breakfast basket,2.1,10304026.390000045,0.9999968718151618
scallop shell soap dish,2.1,10304028.490000045,0.99999707561835
3 birds canvas screen,2.04,10304030.530000044,0.9999972735985901
set of three vintage gift wraps,1.95,10304032.480000043,0.9999974628444077
easter craft ivy wreath with chick,1.95,10304034.430000043,0.9999976520902254
pink polkadot kids bag,1.95,10304036.380000042,0.9999978413360431
blue crystal boot phone charm,1.66,10304038.040000042,0.9999980024376109
crochet lilac/red bear keyring,1.65,10304039.690000042,0.9999981625686876
flower shop design mug,1.65,10304041.340000043,0.9999983226997641
champagne tray blank card,1.52,10304042.860000042,0.9999984702144528
funky monkey mug,1.25,10304044.110000042,0.9999985915258743
orange felt vase + flowers,1.25,10304045.360000042,0.999998712837296
pack 4 flower/butterfly patches,1.25,10304046.610000042,0.9999988341487176
dusty pink christmas tree 30cm,1.25,10304047.860000042,0.9999989554601393
etched glass star tree decoration,1.25,10304049.110000042,0.9999990767715609
set 36 colouring pencils doiley,1.25,10304050.360000042,0.9999991980829824
wire flower t-light holder,1.25,10304051.610000042,0.9999993193944041
blackchristmas tree 30cm,1.25,10304052.860000042,0.9999994407058257
60 gold and silver fairy cake cases,1.1,10304053.960000042,0.9999995474598767
happy birthday card teddy/cake,0.95,10304054.910000041,0.999999639656557
cat with sunglasses blank card,0.95,10304055.86000004,0.9999997318532374
pink crystal guitar phone charm,0.85,10304056.71000004,0.9999998143450041
vintage blue tinsel reel,0.84,10304057.55000004,0.9999998958662794
set 12 colouring pencils doiley,0.65,10304058.20000004,0.9999999589482187
hen house w chick in nest,0.42,10304058.62000004,0.9999999997088563
pads to match all cushions,0.003,10304058.62300004,1.0000000000000038
